{"version":97,"hash":{"type":"Buffer","data":"dGUPwTlAiI/9uwLqq86hhBI8STAm5oFBP/Y/xTpBmJjDFNXlYoiJYgiggTRGdp2wVwpIY/w3qu1uZjQzZtRUoqcJaoGMZ62XwtmRi1hXEdg2qBOAB6gK6Yu2vzoTlBNG1GtJsn1G1Dl5ct3laryqD3JanjuWNffDNl7FjD0VsEA="},"indexValueMap":{"lNMeZOjSqz2KQcXfD7qaQzxtcG7nZHEpBexKwFgIa3w=":{"valueMac":{"type":"Buffer","data":"fm6IBZlAiR0ENyB2/n/hCujNR6mi+K5LgyGGgLLl3nE="}},"XDoK6FtQ4riqSUGo1aZqEkguQVzzbvbr85J2CKjmi4c=":{"valueMac":{"type":"Buffer","data":"OGJdD4LTyVqfMk5T5pZzfNJuD3NrArPEA2p6BcMrdUY="}},"PhyNTPQ7Uqx4hxWYlZNbfL5GyUcLOJse2Cr9i10q460=":{"valueMac":{"type":"Buffer","data":"e8MLvy2ND0lXXgyozV5G7x8PCPGP7pNX8Nclqh/4B1A="}},"gFOG/0wH5Q78fW424/HB3QybMnIOsVdjCrZkU0cJH7E=":{"valueMac":{"type":"Buffer","data":"MwWEM5zRHzRidlvUQwdOhM+iqHCOn8tcTQy4JvZ2zsQ="}},"1420lyIDDEu9W3tcXu9eSrep0mplooHjNgUaEWztBqg=":{"valueMac":{"type":"Buffer","data":"BhFa1OVfrOIrrt/MQ7J3WqpbxnEN1Ub13/O3gPDJE2k="}},"eEUrSBrlc6jYuG+Xfl9dtQgnzRgDuXE81/mEKt+qQFE=":{"valueMac":{"type":"Buffer","data":"ugjPK5xeljPb79nyoLRXJONxMWVV4t0Lhm7Wdkv5UjQ="}},"d+A/xwOyJZpoXOCV2NIRAoqGgx1fuligq97X/CWNCtA=":{"valueMac":{"type":"Buffer","data":"mWzcGq1OuiQVIy9ypDu5dd4rRkkI8fdgfg3PhqcuvD0="}},"9oU2VUxxtkv3QYUhiuX8DuvNBxMOUfwMoooxjhil/YQ=":{"valueMac":{"type":"Buffer","data":"tQtNEEu/H7PabRWzGnYNrkRupVBdLEfvfhe7L5il3OY="}},"t2QTbMCl4nhYCAprtQKudmqhqRHsRAE02gYxefDVq6c=":{"valueMac":{"type":"Buffer","data":"hG3OHkrZb5zbYOud5HuE17fqfgGcim4r+fKMXyUnt34="}},"iiwX32lcSQkN8JAv+ShQdrQxAn01A5PoNF2HCY3Aypc=":{"valueMac":{"type":"Buffer","data":"06q6fdl5x8LRggAeUujiaW9VQXExYcA8hLb8xw+qk+Q="}},"gve4+FQm13MkBAUQG3mfSWIn2OLepyJ2EqeopTDdLDE=":{"valueMac":{"type":"Buffer","data":"x/UJSRLCdeytCyB/0dNLyED/+NWHyesDM2BptdsyDjI="}},"mtAyqWWLQkXyeVBBdbjB+nob+qqlFOd6FB+YgGerN8g=":{"valueMac":{"type":"Buffer","data":"Db5DkQ5aFfPQ8xt1N7U27DV52Td68dSdVjEJT+Id4E8="}},"zWAbwK1BQ2XDK/QxgIdNfDIsAye3X1m/MTj4BvV4f+o=":{"valueMac":{"type":"Buffer","data":"jElyxU5pLY6q/QGj2mCilrIkPmGAhQb+rP2nBMuJiqA="}},"TIXYXrcwM+0DeQpsTHfU1a/t6h9tpIYHfqsnGQ0f464=":{"valueMac":{"type":"Buffer","data":"/sTOc1jP4txzdDY//1SUA7UCnCEx0+MWlKGgaF10g6M="}},"/Ss4mNxksxpYBNNdJuOrRZhzB5bAvDOQAPKqgRt8xYo=":{"valueMac":{"type":"Buffer","data":"YqJKJunWMerZegkJkMbaAVm+ozKvJaqU7mdwqZim9WY="}},"QVeaFund/R/oAgFmTOJSlQmtP0ucjR5CbxnFIMNOqDI=":{"valueMac":{"type":"Buffer","data":"OpksSUuhcq72TYmnY9pFBfh0z0Ikf6uyjnmPH0zpOvk="}},"+vRrz2R3eMcc7hUoyuMs7Q5QmKDC5cCgIR4hiMaIxaU=":{"valueMac":{"type":"Buffer","data":"3zzFfRVy2KEKUjTwPRIXBO/viMHeljmdq0OVAmfFw0o="}},"decAVTR6yMLMvacUHmRkxRH5IxR8PeveSmiCTsrauRA=":{"valueMac":{"type":"Buffer","data":"eSzMx0n7P0eaUUsIhnP5wJK8Ayw8/vg7F8sSiaDl+wk="}},"GwxZalv37/FVtzE2yMREJsmuTkmmQDaCGZkrvu0Lpdw=":{"valueMac":{"type":"Buffer","data":"5lSRWu+UjQ4NxfAia7gUxX3wuDhEqrqEhLNUWX6Ecns="}},"9jdFhgTwvpVInS52NQ5tLiseuaW4JG0sgHu15/s73zU=":{"valueMac":{"type":"Buffer","data":"wN2TcKXryGV2SESHZ6ggXlyaPZwwzF4XSVbclO5/c/o="}},"v09bxpHbDakyADI/DNgG3sgP/ua5KwPT7bOPEap5LXU=":{"valueMac":{"type":"Buffer","data":"KWGSqEUk0wnc/7dMDiZfChPy7HUg5mt14dve6dT8YRg="}},"tYTp0AQJ2YZpOixyagwMpFaXDq3SWaUvoDNtZnotgkg=":{"valueMac":{"type":"Buffer","data":"c5JL1+U1UvrfJNiqHEcyR5iVy3IbvZB+FOXjkCZOvAE="}},"4wXwrrH2Y/GTyrkLdZ4lBrRNu1AoNCu77wTe+6t3lC4=":{"valueMac":{"type":"Buffer","data":"fOyuT+6UggCYGwIU9GDba/fMHCna1VzuIvvJszeHLiM="}},"vk1mZ8+R4KzcJGzkWDmxWZVxpQvHZj2G4F3LYyllWLc=":{"valueMac":{"type":"Buffer","data":"j6ZgcSgHG/zjBxITSV2RTFHiITyrzEdadvpBvA7iHbs="}},"XVe9/kGLMl0jOhmYB7uD81rV9WNe1VcqXIshTpekLWQ=":{"valueMac":{"type":"Buffer","data":"vpNbN4EZ2uEj5LRRRSQuxN1bb3cd65DfwzHDJ2sGLlc="}},"3AtvLHDAPR8V2HMvu8cTxJpT3qMnKRZHiKT8Hc6klEg=":{"valueMac":{"type":"Buffer","data":"u6dCXE1Ye9dnHVKaQOWCgDD5exFDxwZIQwoazmoD/mA="}},"Df7KfCBeUcL2iwVecNAFdDcYRX28qkrLnH6l1iJ0nnU=":{"valueMac":{"type":"Buffer","data":"d3KYDWjJtQjggn4GM0+Avk/iQreGcNJZfONrteMQHmY="}},"NGNd5AB3aHQXzYFYly4gVc7Oi4RTPSkt8kxA2vMBdIM=":{"valueMac":{"type":"Buffer","data":"oNVLZYlTWBfyDKqY2if7keqReAFbH4sJg889wdQoRdw="}},"brRxJfWnHFh7juHY1e1Wn2AehIKLt/rgJfWEUMK9KHw=":{"valueMac":{"type":"Buffer","data":"xa3RcLsPNwoUWw254ZGSFvrRJMjUqJgleR3DLrV2NNY="}},"wIbcN5cA3EKw9OEemTpdtmI3Gzqbaa+NU7CVQBoM0FQ=":{"valueMac":{"type":"Buffer","data":"nGF/rrqBAVCz8XphtcVDO6ojI/YWRPfELC5c6s7zc6E="}},"nNCiVxYuypoqo/Qad3l53evx/LZ6qLZMlgIacowJFpQ=":{"valueMac":{"type":"Buffer","data":"jRCuoFoRYeEDmxW7nZYEcEhGsmO5pVBto9L6ztH0QWU="}},"+yR0kgu5Xk2ul96HLFIk5sCgdIyzfQg4Y1Kb6nLCeC0=":{"valueMac":{"type":"Buffer","data":"KKyOThdSaaMdqwDP1D0KKIZiatjVBK5r7cziqkTugng="}},"lLudM9aY2/ynuPgovGhJW15Pn+a/BZTzuMSCzDWFEaA=":{"valueMac":{"type":"Buffer","data":"gFcq1RDZmJU8ASP5lG+GSsvK/m/0//I76nBx+UPolkA="}},"mg4pP3wJlFExYJgvb+yWc4D0MsskEKQ5Hw5B1Sbo/W4=":{"valueMac":{"type":"Buffer","data":"lLly6sRmDbPDWTLbLrjWLkNpyaGHPyfwXnClf6zJFpk="}},"C/+s9aJiOstRKaeAf1Zimfn2Y6SSeUeUBrwrAHqILCg=":{"valueMac":{"type":"Buffer","data":"pyZ3TSK6A0EmMhOYFL+GEhGr9eICSon4rMk32AtpYd8="}},"59QLp8zFAAg3+3t2ibEQGOQ5hS0Wgt/oPeBs3+ym1VI=":{"valueMac":{"type":"Buffer","data":"p27YvePnsNJoE9n4gBd+PdrOESGJgFqktcs7tX3UdXU="}},"Dv49FSWf5sCnIzINOFXahnru1x+/sBWouQPqFCYHciU=":{"valueMac":{"type":"Buffer","data":"eYn/L+ucNaqmh/aKxXIDIXKHswSxiNTCzEeeifnbOR8="}},"JCpVkebTzVNVf6dKnnjAzkHAjCbaZPT66L2jvQtRGyg=":{"valueMac":{"type":"Buffer","data":"mFJyv+ea9VMKlr2/1X9viaPD1AJA0kms/HZoa+Xhnh4="}},"RG+cbb1RkqPk04N275GX8Z5NpwMt/Afs/bSe9MUcCfc=":{"valueMac":{"type":"Buffer","data":"joKlmdafBiHrpbncFuJUTHIbjIzI26EJnr0AWD4nzMQ="}},"j+qy9PohEVRbIleg2tWfnMPjPn6A13ivzwFYbevAJJs=":{"valueMac":{"type":"Buffer","data":"aPCPdkZ1hnz/929dVRwjOh1uH2hYbkGG125C9idbo+U="}},"DLhgBMAq49+v3fHA7ynxZRHLQ53ESBU2eH6xtob+HuE=":{"valueMac":{"type":"Buffer","data":"AXsfx7CXxbN/VI8hRfSYrrU5cnktsCJ5HzHvA1wSxsY="}},"trc3iy4nwgQTt8Bvw3aZEt8/1OUbVPWUmnSWQoG1GV8=":{"valueMac":{"type":"Buffer","data":"s4mblHTiXSQUjVthBrrZgc0dnEBtoBwGviv9BcGvmnY="}},"ySom5PXw9VzmIRIZfsNfxZTasWnvRBrBzFNoItZHjFQ=":{"valueMac":{"type":"Buffer","data":"fqXBp+JJKf3aiIgKGFhCsmq1KV4M74HUn+S9QUv0UiY="}},"qk+Nsi+IXrFSgSUUnjSwGSEoRPkGKEgNHSiccttXHh4=":{"valueMac":{"type":"Buffer","data":"d41asPg8BbmEg62uYVe1wZ8BvEEF2CK1jXFkM669BoA="}},"An0oK7kkPs9K1xmti4IVOXN69NPL5mSW6TS051XJQxE=":{"valueMac":{"type":"Buffer","data":"0e0kt8LpO6dJnDKYANZHbqtDUEjtgGA0/TAourCwQ+g="}},"Qb5fF8YdfnlLn12gwuLhaUPaz5tQHcFkoEBXRRlGJQc=":{"valueMac":{"type":"Buffer","data":"Q+qsMWswp+FgcQS7Xof2BEdXZvrtNYxAXyHLTRbifqE="}},"DGcPJxc/pvOhMjOv24oR3Xv+CehE81DQFDeyPcdmwYc=":{"valueMac":{"type":"Buffer","data":"BCKWgXxPQlJdbrNsbQ/p3y3vhDxLKS7sYAOY/+QH0NY="}},"32Jn2YAJKmWFsCRCyXpR7sWJ/gCzVAT5jgA5haqniM0=":{"valueMac":{"type":"Buffer","data":"a9zS0lDOLMRNVjlI7j1kUImcVL0U7Ky5ZX15+7BlnGY="}},"yOGfOiNKsBceNaZSxQ9WjErS00HtHYWCZdu9rzSDneQ=":{"valueMac":{"type":"Buffer","data":"JfJnpsymaOd4rBSx65kmrU30XGWjm0cohgJ+6pv70d4="}},"a0hmgPpYUAeQ179BcUIhk6vIgQ7vHCo9ixCnNU1b+7g=":{"valueMac":{"type":"Buffer","data":"quRpLfJHVcaTjzhi7fiCgD/uHzOIfASzsmbUosQ9Yi8="}},"0u2Uk8xeCJtlw4APlL+oOvLsEvf5Z8xXlW5BzVelQbM=":{"valueMac":{"type":"Buffer","data":"RNhvd+qmhzDwVNI5JIXSg+r0cHXodRdb+bo30qTYhng="}},"GLLaVCiooCXfRgYz+GIXSb/Uc+pPaIFVTNqzl20qhNQ=":{"valueMac":{"type":"Buffer","data":"oww5mXMkdL47FSEA1WxZxzgz0GX485V9xAgtRbTF4Vk="}},"h0tgN2GtDHZmTSmGETNrwlv/mXtAGVylLx5/0PrSy0E=":{"valueMac":{"type":"Buffer","data":"VnCIix0ibwsWtbXikxfZZwDEJdQuGijdwZ5vOiUt1NI="}},"XZ0ZYL1N9FB5FvJEYYac7G4ZY10TKQTwqYQ7/eV/Rww=":{"valueMac":{"type":"Buffer","data":"ACSbqHs/bID/1L+jzf93CDZ8coZb34pgTEYxp/WgxlM="}},"Api4LUD2xFQ2SbsPNrGifPiPiV5WG0Mxs0F+BR9y3zU=":{"valueMac":{"type":"Buffer","data":"qoSXyGS4yVHNh0Sb9CPoljf7bhK0Kh7+9rEWxZr23Fg="}},"Nlno/3rFJrHL9w+smJXO4hKDYx0zhJepphXhwQGcJrA=":{"valueMac":{"type":"Buffer","data":"I8JDBDcvhbijsdUIiqtkrq84YYFIU6kB+tE8mJ60qwk="}},"FH3NYCsUctyL6ioT98Kg7qzuGg43WCoRqbPUOC0qLhg=":{"valueMac":{"type":"Buffer","data":"ek+S1AC4L/iYI+2GlVNw13UaOAQiTmW9G9HqiCnqsY4="}},"TTLQfbGnu+Jy9Ac1ECBJdc6i2C5wknkKGjvVoPm9Sq4=":{"valueMac":{"type":"Buffer","data":"VlToLfsAABvhmvhUpdf1PCRa6rV5/UkMSoSg8dKtsOM="}},"5ZBXhxgkd3zi/htBJM8U9mjmv8Avq+kItIYtoKSby08=":{"valueMac":{"type":"Buffer","data":"aPYl2kSe8Qk/95w0+vdyX6NraKHY/56b4qYLNoG0P2o="}},"De71huK63nLVGumoKG6jikK1lf0Yxbvq+XOyTAsdjsg=":{"valueMac":{"type":"Buffer","data":"sCPV4FhvGaNHfjc9YAuoKNwl9rVyG7EpdWMfNHCkVG0="}},"B+TMc890fUmGbpJaHXrD2UjTB1Surwn2c237kXMnKkM=":{"valueMac":{"type":"Buffer","data":"fmJAC8hC9PxsV06tEYZN0q565+dX6+LAvtY8ju5RyGI="}},"ASsLcXHWYg3MimT4MkYLBuQuvi+fAIp8S17eTrZL6KA=":{"valueMac":{"type":"Buffer","data":"R/yjM07hZO1K8h75hvCp4W5b+Oh9EPJ2v9G4sXeJJgU="}},"47VprmQH2jab2NKEqRi0nna5ShEtUxmM62ADZ/I8pVE=":{"valueMac":{"type":"Buffer","data":"h6lND0sGDZeS/iLPc9dsbp29GZ3hETvKlM3Ft1yk8vs="}},"Gq1IhXf/zUh0eeU76b5gm80TraQ5ndwASuO00M3TYuY=":{"valueMac":{"type":"Buffer","data":"8dx6iV4qxdCc8EmqzE355Uy49knx5yMWwrFBcTO3MXA="}},"DByM3jhxBOaXlFLH3wNOI5j7OioETwpLb9KVp8uP7K8=":{"valueMac":{"type":"Buffer","data":"4s+aTQnkIzQi8SyyGIpaMKdmbvyiLqvJsFnRK6IRUqo="}},"y2UD/+8F9GAcDk7+31RKpkN+A0Fq3/9q+LpFY9bxOOg=":{"valueMac":{"type":"Buffer","data":"1jpvfJ0i/j9EVEkCm6oXM3cGTm34jsfey9w9edzyRbk="}},"U4+NhCAWgMwVz7jqCyejwxoQpBwX3XYce+Dfw/sDn+k=":{"valueMac":{"type":"Buffer","data":"mazOURJzxsCGs2UKBi3VWjAjXBtGFm3nExuhEYg4lQo="}},"N5FzqZQ62PY5uQ04VKcgcjMNSjTsqCdqqBPpnQIbDhc=":{"valueMac":{"type":"Buffer","data":"WbV2rghd4H3PNztSJZf+Fv3EosADJ00cfbDRaP960/Q="}},"u+Et7ZZ1xWFeqn4F9LPxgnFxFQdcx4OBJ5lW26U2X7w=":{"valueMac":{"type":"Buffer","data":"DTiU1dYlwfXYppRRaJ/CzHkQ0CUFC0z5FRjydZq41FY="}},"Hc6TXZnZYJpSBlYj3iePPhjB3oc0BqNHI635WvCsR2E=":{"valueMac":{"type":"Buffer","data":"bnT8Tiw+vME2b5AquM7fKe5Huu5MEhSUd6Opp8CNkkQ="}},"pu2jOl8e+GSpXuF0EQ8RwvSQCJ1mOJfpNvdo9Br/kK8=":{"valueMac":{"type":"Buffer","data":"/lfTlowy9LKFbZhqskZINuZE04vYLU5XahEAxkCCrhk="}},"9pWPc+5sp7+pnno+ezT6BcrdiqGttqGhC1GNFp3sQLs=":{"valueMac":{"type":"Buffer","data":"mxUBTinT1RSQCIFTa2PRAOGxUlXPASekyfPDNxTc/SM="}},"Gx+U/0p8XmEPN9g0HWc+FCDHXsEqjNziXpMDUtw8bGY=":{"valueMac":{"type":"Buffer","data":"aL4Rane/8MSGTFpudqudRxSkp7SZoyAOt+aQRK4ROYE="}},"Se8Opj0KJJp+R51h8+qbpFJIIB5NbfNc7Re6tiy9Qn8=":{"valueMac":{"type":"Buffer","data":"BOmumwuicecSpqR2f43znThi8NxQCFY2//eS7KDgmXo="}},"dlN+34QYerltcOJ08ZKau6pOIr7FWCPjX5r974L9mGU=":{"valueMac":{"type":"Buffer","data":"PTiX9PCD3cnK2gAkTEdVSIXSr16xk3P/nPNAwywrgmE="}},"q+W/7+WA7iK/+KzMqc0udwVX30XTn7YPUXZI22l6POE=":{"valueMac":{"type":"Buffer","data":"xb1qX9tCNKYutUIADwAOnvIYb2tSL2gW9ToVJgGjd4Q="}},"Tuy3FmuWQ/F2/4zrXKZnCinGFQRnVkdBjfdUbhDbMOw=":{"valueMac":{"type":"Buffer","data":"LHKahvvNd3zSBqXMP7TzoIO2EQfaksVITirvShS0L9s="}},"CkQFOz20JXIN9/Q8+N6EUTvtwZpUAUcVcoZ5u33KfBM=":{"valueMac":{"type":"Buffer","data":"WXmLHyZF7HILAksBsj4N2HPOGKQfSDBMzaBkR7vTdbk="}},"8vNCnNYTZMx1z+fNu+eNjtzgMPRl7ptZoWu/rh5vYJs=":{"valueMac":{"type":"Buffer","data":"OFYRWbaLSBWhA7mnDoH7L0xtqVktdfjJOflArydmq4U="}},"M60jGLhCA2XFHWPxyRTSqzKqqP/1lEDRzP3awiLVkvg=":{"valueMac":{"type":"Buffer","data":"qMYwauI0tSk19xYiXnLDXi0Q3GiDdKerxh+Mr5NsDwo="}},"E50jlhQbQysJeebXSuK/UgvowcNoeaDed1473VLCl6Y=":{"valueMac":{"type":"Buffer","data":"UIa4XUjgKc4QVB+eH2zG0UshqfzsbPFvOEKjX2Ms5mY="}},"cqVDzywPyHyqPBFOMDuQXD5+ngTZaeLbE5qJSWROPgI=":{"valueMac":{"type":"Buffer","data":"xBPUQPvw4G2yQjVwlkZp4WL++Fjiy5KPY9Y4JHVxd0I="}},"9kAnli8eCuD95ma44BWOS+vtD55wubKjKWkTzYAr8VU=":{"valueMac":{"type":"Buffer","data":"MPgQgTuheQ+SaRy4KxFoBhYWSLYXZXzsQ1z1o9qDofs="}},"W66VFNEFJ7zHihwxrrhN9MnZ1Z+8eV07ufd6mvuTbxA=":{"valueMac":{"type":"Buffer","data":"L+Li7wCOhl9PZS57+Hhxb/4X3JKywH05dQzEkcFanKY="}},"5e7BBMoX//8i3XZ3Gl3pLo7Tcoiluc/3EwuozA5uEbQ=":{"valueMac":{"type":"Buffer","data":"pqlAMh4Yq1WwCjCeJDiS/abMesAMTikSlw8zuyCkiqs="}},"+ZdTSWdVaaCVMXps+Xx3pi1/Pp6Yr7ujCouDcGgqzcc=":{"valueMac":{"type":"Buffer","data":"wFs0PBDKnV5Ww17WDZOpQN+Fc9GeN1VCyVLRE+h8i7c="}},"BODcGBDtfgkzN1dRK4jvfRvtpSZ+2WB57/huZmM8rSo=":{"valueMac":{"type":"Buffer","data":"byosFA5FWRVo7C3dztrPMP+jEVhMMd8+5oYRCTgbVrA="}},"k3GRi/fpVzhva9B9vS3grwEQO0eI48thSfOQwmy18VI=":{"valueMac":{"type":"Buffer","data":"YRN7tJaiwa5R6l+L5D4fPGWL7orvY7Ls6vEZGtEMnp8="}},"o0g+gklhso9dwIJ2ewE9F+v/Gl5ZObqv4mMK8FqitRY=":{"valueMac":{"type":"Buffer","data":"yu4fAHcZ6EdkE8bSWhE9A63uN5SJ24z31w9qEgoNFRQ="}},"v6BikWAO9xNg3oZZNHVA0dszPkdh5WE84DCSswdlCcc=":{"valueMac":{"type":"Buffer","data":"/DF8jJdSvwLQaIG8FHkur+iEeFj/uByQaNk0DAypx3k="}},"7wPP91IUS720ctXXnwu7h3b2gxdeOmSk0GFg6nVD7ic=":{"valueMac":{"type":"Buffer","data":"XB51h0t174AWAmrUR4Wnu+MwxxlSLC1WNTWZ2926CY0="}},"e/FwjwYiHkAWRRDjjQD0Kcbu+nCW3Fyi7X4opEbT/OI=":{"valueMac":{"type":"Buffer","data":"pwPBGO3qvkFdahZgLr3OPHBYCmD5FSfWm17pGDkOnoo="}},"vn8zsptllJ9nadHMrTTNmGx2coHh6lj0cnvM3UNtVhM=":{"valueMac":{"type":"Buffer","data":"745uyxMrWktIsfRxWQK+KR1+G7r7ZrOsr8lsc3SC5Pc="}},"m/qesmz/IddUg33RWdzoieXXnXo/wzzTpyR6W3eftRg=":{"valueMac":{"type":"Buffer","data":"fCtG0B+JpFPpUr7Fu1Y2II0UM8cqnmRi/O5q13M+328="}},"SeJoWCT78V1pxiPTlcGT4o73va1WxZxSxYd1oSyVyfE=":{"valueMac":{"type":"Buffer","data":"hDrZ/jNwhMVUOScwjH3+FHQ76+JNGnTD7udThQs4kBE="}},"uWmR9wGdXCzZ1NnhqUGYhxK8aCTAJgoGwCS3qLT1QwY=":{"valueMac":{"type":"Buffer","data":"jHyvuLWluqsAd/7z4cfDfTi80gWqmyIvgSwaQRP3Hjc="}},"1bD6dtp1u9nkKCMtSRzH2C4u5joR94rRPe4ORAsluyc=":{"valueMac":{"type":"Buffer","data":"+QHFAZl0C708yM7TOajx+FaIf5pbzWVhaW1bza0+m38="}},"ELPJb3z1lxWsTOTfobaFCMWGlCAl4iCPt9IuCf/cPZU=":{"valueMac":{"type":"Buffer","data":"Dctk+qOq4yRoXHlQtCCYdzslLotonO3ewbeAZKw6Ri0="}},"yBVnI6w3ZzkMP51OPKjc9KOvIfL2rszvnOmUExSTzvM=":{"valueMac":{"type":"Buffer","data":"VC0IJ6uaJ6yxjH5N87eFI4OXwIk4j5H8GK3joFO2L4g="}},"81RXUfzHcwl2COiwxW9jOffthsT82NjSDGbEZMYwbNY=":{"valueMac":{"type":"Buffer","data":"AL8bBJP/zv9nzy0EykxSvZ1S3LfTEBWFdGbN/JQvIFk="}},"kE9Vxa/WdqsYBNJApkVit9/oEXJLVNJV0mpbHATXe4o=":{"valueMac":{"type":"Buffer","data":"EPOvYY23eOerGIRX4yC9bJ6AsW47/USfmivbvhmGUf4="}},"djb9A2vv5PLNXG2R2Imgtrz3PICGYDfwoRd0oC1FhQY=":{"valueMac":{"type":"Buffer","data":"0k50v6mc47RU86oy8nG4JEytkPMK6CWGmE7Rt5YT3g4="}},"zpLjL5uaMdK6b6uUCGLYi/exg+oVG5GKCD0ywF/ilTA=":{"valueMac":{"type":"Buffer","data":"BZpPiUWMYSzglP+Urnbd//aGoupSEYZOavs1ajMqP/o="}},"q02FptFrAtANvuGbXIrWqVwG8qylYipYB72W1Y4kexU=":{"valueMac":{"type":"Buffer","data":"oJ8Y6QyX2g5MnV7+D8ig6pYvdb1AhgWToqOxF311gHI="}},"PxUevH0tzkkSsLjMNk7BWCJUiDy/nlT7NMTx8BA15Qw=":{"valueMac":{"type":"Buffer","data":"iYKL8TFl3btjHSWTkbDYlCrGS6tXtrKB1EUs7GybgEk="}},"rLT83y9E5ISqtlpOAX9YWg3xhwnPhUv7yFACWHnFmBs=":{"valueMac":{"type":"Buffer","data":"wF4BbagDkpxAhsankQtHUW5kdyre640waoXCgVAl6+0="}},"iAzNFO/o9J2ihiSzoSy1GzPjVha/ZzFePNa1Wj1yeqU=":{"valueMac":{"type":"Buffer","data":"CENFaWod0aiR6iQFZDJ3IDRjYYUHcfFqW6s8LjCAy2k="}},"Kih6pfcFay6gkN78gnqn2njkqIw0bZKBFA3tzkYXL9c=":{"valueMac":{"type":"Buffer","data":"oeWobAA2RJBvEFokGHWN33db1Z8M6bbyC2uxZ6b7xAc="}},"L636faObu2Torn1L4cYVlz9D0XQI6d30wn1vpD+cGBM=":{"valueMac":{"type":"Buffer","data":"cp7xEw5UYncfDUEKhqRqg4SmXoPa3DfgOb1CqFHBPR8="}},"WbpPv7B/ikZP/nCXKeEn0xAcD2Fm2vZjaqYbYBL6UmY=":{"valueMac":{"type":"Buffer","data":"DZCdwf75E38/PdPmF4jd/oe6HxV4RCcMx6oVwLKtlic="}},"lTnWGcCXW2h6u+4lVZBv5PBAUYWVNWqbmY+z/TM5qJA=":{"valueMac":{"type":"Buffer","data":"/VswpRSMzQvuJTVecFNQfSC92xmGCZhCuUUyYE1ZoXg="}},"vwQ4CNSqW666D7cVX2NSqlrB8IrobIeIjk3FjB9xoNU=":{"valueMac":{"type":"Buffer","data":"cfHj8YO5knf0ptEa9zzKyafPl2g4O3GwIaUEOXFxYMs="}},"xwOuABtCK+3xoe0ZgvJ1OP7SgsINWh4CtJ+R2F8lTIk=":{"valueMac":{"type":"Buffer","data":"JTfWIov3tdzbrdJwwbtV/KDtTPR2ADERq3fjVoD2/eY="}},"Gp+orR/CFCzRtDZY3X0s2bP2c2cV4Ep9nN61T2y7HtQ=":{"valueMac":{"type":"Buffer","data":"84jWuKnb5/ek9AJhvCOYkLWDFjxpQFSMt7edHqg+c5g="}},"2AmQw+2qWXFrkylAFkBzfyKcB4isRK0jgkeMulGCKHM=":{"valueMac":{"type":"Buffer","data":"SCiTXCQ1Gk6++LSKyqLNQOb2SiT21yr3tdn6YeTgXWQ="}},"gUR4Vco4QWbqIf0PH5DiCMotVbIZBJhK9r8KBdcBCF4=":{"valueMac":{"type":"Buffer","data":"2MfhVb2znPD1AhMRE/YhJzRKRUq0/dURIbJhmE5NMD8="}},"rC3AxvVwDrBWqyyVWJSM5FV8LqzOFdYCaTexukURwAA=":{"valueMac":{"type":"Buffer","data":"pci61SvBBDXjVN2MOPefo8GaNhxBUu2jtEOUkAREzOg="}},"fFQ1ALIjuSXC1Lxhf1TCvVxSJHRa16raBLUK3663AmM=":{"valueMac":{"type":"Buffer","data":"sFBwJwBcD1gHAk9+k7DBmgzc+cc2K1RMfZOy2H6p884="}},"+8xifvtHz12SOzbts3+C6+JXfEsfjR2yUeExusPVd9I=":{"valueMac":{"type":"Buffer","data":"OiJnDgmFPfQf1R+pqSoJeHAfH4yG49iAlVe4ulM5g+k="}},"t/yW/PYxrn9kfe5sd/+AxBx+RpPkkX37pY/OPtwRWJM=":{"valueMac":{"type":"Buffer","data":"D4Q1/EFH/ZA8D33qY50nIzHr8Fzq3DEr22xXAe9qyk4="}},"L3M8i+QfQZ5b/Amnyq4cZjmooRcMZugsT/xkfqlbcjI=":{"valueMac":{"type":"Buffer","data":"7WreRJh1kMMgtHxhStOjk7iX+pe+RnS/nagGGfsbQXs="}},"LfIRDVe91NKTvUf5aLfG1blZNqCfOnbM8DCqBBPMlNI=":{"valueMac":{"type":"Buffer","data":"uRPAIvjFj0D0iEsHLG7xarejrOdJh5GocCaRzOfPPJI="}},"LNgZO+LlGbsR8ADEWg/1wnBcBaQNHxWX6a7xgJfRTHs=":{"valueMac":{"type":"Buffer","data":"czcKZZZZNZv83dXP1aA9Q4bVNZ98Azvt9QzBV9ZnP94="}},"NzCe00yUhuEUGCT2+ek1TgDbN+6+2JRXbPRh1MRRKWI=":{"valueMac":{"type":"Buffer","data":"vsEPYArDtrWZGxI9Ko3nw5J1d5jAUc4ggigIqhGksyQ="}},"sjs5NIUcoNTHO3X6s3UttBoeqdcj/Lhyb5hlQlJIs1I=":{"valueMac":{"type":"Buffer","data":"WBq8gjWVf5bd43obNj+QeBhxCEKf0LsECWQTCAxFDsY="}},"kcrNkKR/nGR5S7SbaDE/6OjIdy9RGJPcaMtPB6Rmy/Q=":{"valueMac":{"type":"Buffer","data":"n4VrLGjq9ss4UHVQdRrCDDlTX34e/o0I4JTtkeEPvbQ="}},"IVu7CRgzcd8x6PAVgvXC7of6XgFzt2FJUd42HoT2y48=":{"valueMac":{"type":"Buffer","data":"cVZsLZRb/XDib3wTdIBo9ntmsJgQH74UpdZg1u0iZ0I="}},"uH1cTniwFREh8xdBb0WrKdhH5dbIMqHf9fWlSWpL6EE=":{"valueMac":{"type":"Buffer","data":"MchddMUo1Qe8fA2jZ1jt2U5AvPKP6cLDpTuNT7XW7Ow="}},"EB5TWsIdcKQ+cWJeyeJOzEaN5UhlpdVZoYUsb7YCZiI=":{"valueMac":{"type":"Buffer","data":"nBaz9FunGwkkhqiWaCp9fbhi+95EOidq/h02KzTlhQc="}},"F6YqsxqQtf3AA59GoQZ4BOIxhVwbeuTr0erjeNhpnHM=":{"valueMac":{"type":"Buffer","data":"RsKr0QivGVah+7Hj3an13lwRb0YQU8JfpzG0WEt2o4U="}},"+SfT/GJim5RIoXSFw9Q3QEAOl799UuOOVmCfqNsZ48I=":{"valueMac":{"type":"Buffer","data":"m7Rih+nHdmgobag9XYdLbcPuw/Y/AX67d0oBfRaJWjM="}},"cJ+BYbfZ9SCLl7ftiRK+kEg9ablC/UFXk+1R8jm1Qxw=":{"valueMac":{"type":"Buffer","data":"Pg5DlYhtyzsNqIp1yOOIgRzabxSDIisAnR3p9kt2z84="}},"AUBCw4gO1axtxHXOI8/AXvAmtQEQq4IBO7jjPkwtzZs=":{"valueMac":{"type":"Buffer","data":"o6z12S9rg1Fppx4oew6q0R9gypxgVO+clK5LiIHKVXg="}},"shs6SoLmtGrpc67gAGjCjeW0379MYYxInuE3AcyhxCs=":{"valueMac":{"type":"Buffer","data":"VrTCsns+8sTSJKaTkqNPbn61HOBH3ooxhSR4vz4Jxsg="}},"chV6f8r/4j1MIy8CsfcVaaEy1eOF7GOcM4rRWhhclD4=":{"valueMac":{"type":"Buffer","data":"FlRkxJkatgphjdoYEO8Iyxd/qypA9Z0cZq4Btai53Mo="}},"qSL35Q88XSAidv8GuSTeYUPuDFhXH3w8TTTy0Tsgl18=":{"valueMac":{"type":"Buffer","data":"Injcvz2DSGmM0fXGQMBEl3TM8UqFgsB8369QQoxvZP0="}},"szAtomFNT28ObD83BXw5JjkwILHpZLz0Q/jemZVSdeE=":{"valueMac":{"type":"Buffer","data":"ZpNr0hIkkxlN7g+nzlkXECiU2Bdj64BRs0DFlWtcZgI="}},"GCPFUjH1oQQX7eskdWlqNmds5fMmhurUQyLVc6kYYWA=":{"valueMac":{"type":"Buffer","data":"gbnMb9C3J8Pbu3irrXhwr18pSEpVCS04Zi6iBwYnnNk="}},"6uokPHX1K6HJG7cSmzXXL7oxMSVQtOBMw3SxkHX4QJ4=":{"valueMac":{"type":"Buffer","data":"GLGElTW2eXC3qM/wRKnEqg6O7T/dKts9OqDGzSzm/Xo="}},"7nscFAb50u6P873QkPHcIqffTDklYMqjnW7SGMYHBnM=":{"valueMac":{"type":"Buffer","data":"BycuyogsEcRs2hQCUsVs5x+dsQMmgIt2fcKpmpX0fsY="}},"CycaG3jwtJtt5+ztBr2ScRO5+ut3jrepyKwyKgLlRlI=":{"valueMac":{"type":"Buffer","data":"81Ey3EIADR3GXTjPx/cHP+FsRyRmUn5j+c9QJ8e1Z7M="}},"KEL6Jb+yrmKijxxQg/QuZk5q1JFUAhGEfDkIK6Ez+qg=":{"valueMac":{"type":"Buffer","data":"BomthmaCTSc8l/ogO5hbJ/E4Hrgmk5zUOR8+kWySHRQ="}},"SbKRiWs0tU/9CpMvTbphsWWhpXrQpJ2eIz3eH7d4cgM=":{"valueMac":{"type":"Buffer","data":"+NvWcqVPIPg6w+CbDdyTgP8XH8d86ueuxJL3adWEaX8="}},"D4vZ2UAzvtIuLu55/NVG7XiYvQRXsgoRC60Y6HnAVto=":{"valueMac":{"type":"Buffer","data":"GKNZ4lwb5jw1Glzuxj3ANXs1kCP+IupXJxIoQ4xn+aY="}},"DPbMuNJyv8C5UtgaJCeAcGvLpQshtekAG9zX8Zl4K50=":{"valueMac":{"type":"Buffer","data":"dOPOeAqe9YVEekDlWs8uEev82Rq+HDdC/eLBn2V4hEM="}},"3tUx4ev31gjufB+qJsfmEi9E9dqLhTLGxUkgerOPczs=":{"valueMac":{"type":"Buffer","data":"apCxpclhLI0aHmcL6pCUjVFf4CG0rj2YKJ6mx97U6PA="}},"a/M4mdsFp2NJjvVXg9BXGHlXUIgqfGZ1MFesukRVcaY=":{"valueMac":{"type":"Buffer","data":"35NZCuHVE8M6IpDm9S0oqqQ0JbmsXO87vsvQbGSZ2Qk="}},"FrJn4RK3rgZqYOI5u7eBBBa20Cpl4lvZyd6dPoim18M=":{"valueMac":{"type":"Buffer","data":"HwFKHNUIIYvdJ5HUCneyZu8WqQiuPfSr6Pqg8GSARjU="}},"Zb8XVZLA6Jt7o6yxXxTX8Qnx+pT2PyqHZPfiYfS0n40=":{"valueMac":{"type":"Buffer","data":"IBObnpQnSG6GyuyRchZOyATO1WMisuZADPoszPmCVac="}},"6kGvmHCeohLQZtnJvPs3hZYroCyWLIoHbdirxt7SsA0=":{"valueMac":{"type":"Buffer","data":"kYw62klibCtgRT68f+St7Ch8dlFOY7+30kGD0huKCOI="}},"HbFIDyIvgm3PfCaKTUp4O+DWoL4OU7TretXoiGmqQTI=":{"valueMac":{"type":"Buffer","data":"3Ud6Q8YF98WOmQHSTZYYN/ZD+r8LihxbAJXC89ozNkQ="}},"mBGSBtg0u3am6yHeGH7qgeoVSqNXYQCskfusIJNsyAU=":{"valueMac":{"type":"Buffer","data":"8R+PL4UL1K4AcHY6acQeD7WhT71PZac1bBXXT+GImE8="}},"LKLJ1oRBNdKhGH2Mp/wIzCjBMn5MWPF63/8RUU/6oUg=":{"valueMac":{"type":"Buffer","data":"mgFOzpZWouAqEqOM+Ym7z23tKjZmmKIwp7bkw/YIHgo="}},"bOu6bvrL7NJ37xf11XEYUJb6UjGhK8leFU4gG9MtQPo=":{"valueMac":{"type":"Buffer","data":"el9hDDGyZFfzX8gGOCJxsgRlumhzPV/eQitW8ebIP2Q="}},"AzMpgTE1QwbPg2uyr+uqCydhdF6OdLkKYeTaLkU7Kjg=":{"valueMac":{"type":"Buffer","data":"+YET1KT2hc6CGD7CQyG9Ty8wD3Ojr1a0r3UMNRuR5cM="}},"0YKQI6aSI0zt4g5NSTnlrSxR+87emCiK7/atlp8CfB0=":{"valueMac":{"type":"Buffer","data":"Z8AxtgBvcjxYKqHEmfNxpxSRAl3OsMqnCwUfzvjZYbU="}},"e4RsxM//3FMXUOwEzsOTXf7lza3yWq2ttaCiGABU3sQ=":{"valueMac":{"type":"Buffer","data":"f358SLej23umLaASUw+3YSz811CwJfG4CLnA8pDFsh0="}},"pDva976ateKGQFnalktFOpf8ttQF0cevKJYjkHPTlpQ=":{"valueMac":{"type":"Buffer","data":"bLQfRF3kwnkANIjFtuPqaufidHsZIMeZjV6hEVENkdA="}},"9Lb+WAi75c0gXj1YsW9dthojlILASMMgjUJxG2XEYfE=":{"valueMac":{"type":"Buffer","data":"uh1zLjTMX0N9dOKSLGue+Auv/kcCvHKWrfukmh5Otnc="}},"b1hdc9UGsNPBhWTkOIpxQvPKCsgA4Ai0xrWQZXEpU/s=":{"valueMac":{"type":"Buffer","data":"rzgwSmpPbxKhY/HF1Pbj6OhEFWkuD4VKnJ47Nc0ARHI="}},"Rpfh6KN207Af5ZxM8cl7esvrHbsH9euCgiITEvFHuug=":{"valueMac":{"type":"Buffer","data":"0hAB0SrMH8+6OmTuhICDdWM+CquJx4iqL9ohpyBbdno="}},"aVHQvV34R4aodn/dVLTAGs/tb1Ce9ZAtXXilnClEzuc=":{"valueMac":{"type":"Buffer","data":"p7YnutSgvKzdOUFsJSdsJh1GTyPP75+objJ2P1sn/rw="}},"mEZTHBhiVEqmHti0ryCg/W8Aii/42SgvfQ26m/Sk1/8=":{"valueMac":{"type":"Buffer","data":"CBzr+aLkRaWj9fF4t5S2UpbwYOTsZxY86xndUK80aAs="}},"JONA8KHw3ffjD3EhbKCEEjEK5c8Jek/NHM53P9qynW4=":{"valueMac":{"type":"Buffer","data":"5zm2MvmOw+zQ7EHs5dQMZtcqtm2rRHxeazQKGeEEPMs="}},"GJerHM/H1uvOVXsJzEuHu1uAkbkuLY+Q8jc9qGu9kuI=":{"valueMac":{"type":"Buffer","data":"BF+Jc+lT4M09aYmqz8VLoUAQf+URJKqNLV6h+qTNjLo="}},"8HkXT6xg0biO/vJQbN7ojral3jkUOprUSga8Zfi/7dY=":{"valueMac":{"type":"Buffer","data":"3DD75Wa0MN/R6HjUv/fCSBOIHp3SKDwOPgDzqUKou6A="}},"eJ3EE8kCqM4hS46bixKTM68PMSas8V+VMbWQeH+ecyU=":{"valueMac":{"type":"Buffer","data":"OX+IZcly0i4ie2gjK0uP9UqlI9rkuCHjoVOvKYmDKMA="}},"q/EVFDCaY9xyrnvN1va/bqJ96LTm2K9/23OHALQwMRI=":{"valueMac":{"type":"Buffer","data":"l+RBRWvCY/91l8pnUJKcmf33aOp4bEWnvHZeFvft5wY="}},"xH3EKdw/+jKJoB1x7HsVynbTgReQ+7jxsfUhzL3HfyE=":{"valueMac":{"type":"Buffer","data":"YiG9n4bSfio/CuMmbWmxYtmDGJiw+Lvc5L3uwj5CPgs="}},"YCLtGpQL389IPHOwaHX6NF+1WYWPlfu2RrSuXkCC7RM=":{"valueMac":{"type":"Buffer","data":"TR7LdvyxDNo8ObvLwwIWOppLltRITCySGh8v4CD9xtc="}}}}