{"version":2,"hash":{"type":"Buffer","data":"uj5ebRxYOQ73ObQIyQ0p9iPWtTt+MArVOMc1VM+t9RxuAz72qTJwv0cDawkqFXMIk4O5VhAy1q3btEO6eEf1RIpaSdfcnrQnt+9SXECtEek7+XECTSLZZINIOTJhmkSnzz67ZjCaDQ8wdXp/bjpft0yABW+JnYGpDzrv8AgSzR0="},"indexValueMap":{"Ioc0q5CEJREY2weGHGxSBt+rwyBr3kZOQoTkLme+GFM=":{"valueMac":{"type":"Buffer","data":"NAfOTx9U+95NeOQK72Pj375a0W6gSRQ4YJhtuKcxLRg="}},"1JsWzJkTbzxofV1qNrzfkMV6+lv38yj4XJJtOmEJEXA=":{"valueMac":{"type":"Buffer","data":"TaB/4uFQyexP+AIK5mfysR+3wNdL9EjOqa5hqRtcU8U="}},"VleanmeRs3TfgHL0uTNQgNdA21r9H9zxNZarG246sEg=":{"valueMac":{"type":"Buffer","data":"U7J84HR/In8RckAkyC8pr07Fxuwyt78filM5geXgoXk="}}}}