{"version":2,"hash":{"type":"Buffer","data":"IM151yrWzO2XS20FyBYbA728a8Igzi+Qy6USPWN9lGPgx4qhe6KXaL710JwVi+QMECCfsCmRfEcdsEtQgVWZ9k1mhDUjCAsQeBdOSl0WerEOh9xsOcocBLaLLm36w0bP9oIp4AFqH+SaiVe8kqjCWVmn6WTRY4J7Ebhoafu3E88="},"indexValueMap":{"eNLydE95Z6EhWYAMRnlFrgOZ/TD2ZCIsVq+lnOAAVjE=":{"valueMac":{"type":"Buffer","data":"Xqz8QsgNxr4chuIWq3JkTu2CKHnn2CyZG5tnFqraAN8="}},"UCY1JKv5WjLLUT0TAepxIAz6kczEEVfkQXPqRPzoLls=":{"valueMac":{"type":"Buffer","data":"4565wfV6plAeL2mTYVMG5hTSLaYVlOAi5slfdE0dNAA="}},"CZvIWkiw+1P3FfUI8Aq4/O1xnyc4vJMZzXqevxMiP3c=":{"valueMac":{"type":"Buffer","data":"ysbqdnu36d2hxfFTsJ6RwsD2FP4VveaYhIxhlL62qZc="}}}}