{"noiseKey":{"private":{"type":"Buffer","data":"wL/2oupu2o1j/MaoVEQrUm+ekpH/8ZppJje8pBdOe2A="},"public":{"type":"Buffer","data":"jIgY7C00+mZkENIYLtg52kdL2dmntpJgw2H3P4ya7TU="}},"pairingEphemeralKeyPair":{"private":{"type":"Buffer","data":"4DslGFfHC7Y0OKDSz8RfCaZlDIXhF8MQ2fvkyFSLkXo="},"public":{"type":"Buffer","data":"RJESQlAIXTJChA25wvj863nCpy2v7iQpiegxfE3w3m4="}},"signedIdentityKey":{"private":{"type":"Buffer","data":"MP2s8RWI3PLYqbTVaVQ0pLnnzE3MbwX/SMeGh5NJfmk="},"public":{"type":"Buffer","data":"fLf3Dl0do1T+xiY2NlST3wNnhg+jjOHHQrBS6UvRgT0="}},"signedPreKey":{"keyPair":{"private":{"type":"Buffer","data":"YOE97kwlmJMJ4Rmhf3FvE61oc/bWACiCH08IGTdpHlo="},"public":{"type":"Buffer","data":"bnL5CTr/bqcvcem+PFG1A0lxjDo+Dk0X7doeFN7RyEc="}},"signature":{"type":"Buffer","data":"akLM0BvsOX+PyLs7F6ZOTMIi+6cuK3s2J2nsM1HzzG+bMepCVKrC2Oif5vmy0GGkOLCXblNpivaw1liy/kVtBQ=="},"keyId":1},"registrationId":24,"advSecretKey":"pAyWfmzkrXJiDMOEyvSPPqlefg4JOUEif6AWcceZOdA=","processedHistoryMessages":[{"key":{"remoteJid":"6283164558015@s.whatsapp.net","fromMe":true,"id":"19D880924A098454A8D7B0D0C8AAFEA4"},"messageTimestamp":1738450432},{"key":{"remoteJid":"6283164558015@s.whatsapp.net","fromMe":true,"id":"DA7DC2F446EB9611640E4CE3D83B8B32"},"messageTimestamp":1738450432},{"key":{"remoteJid":"6283164558015@s.whatsapp.net","fromMe":true,"id":"6A1111B4E83F818C060F7AC769595C2D"},"messageTimestamp":1738450442},{"key":{"remoteJid":"6283164558015@s.whatsapp.net","fromMe":true,"id":"FEF7E3EB671349A708FBF7B26462608D"},"messageTimestamp":1738450443}],"nextPreKeyId":31,"firstUnuploadedPreKeyId":31,"accountSyncCounter":1,"accountSettings":{"unarchiveChats":false},"registered":false,"account":{"details":"CNnw8pQFEPnL+rwGGAEgACgA","accountSignatureKey":"7OJQdAzulyJCTsXt/WcpeY4eveGLOfWJqHMosHMMTko=","accountSignature":"dT5ExzXHORY0mV40/2ryb3JFsn+JXjg1q4u3XnHMs7oAse8IczsI9IAnLGDarpUAE9lnLU144mYPpBHl4BWoAw==","deviceSignature":"ekzqLFmdgGAz6AlIxrNhTpPJ3yq/35j24CgeV5bAlJuOPT2Aag0prs8siSQsNce8ZhxI4JIu42OMEurPqQTyDw=="},"me":{"id":"6283164558015:4@s.whatsapp.net","lid":"15617004413057:4@lid","name":"Y"},"signalIdentities":[{"identifier":{"name":"6283164558015:4@s.whatsapp.net","deviceId":0},"identifierKey":{"type":"Buffer","data":"BeziUHQM7pciQk7F7f1nKXmOHr3hizn1iahzKLBzDE5K"}}],"platform":"android","routingInfo":{"type":"Buffer","data":"CAgIAg=="},"lastAccountSyncTimestamp":1738933129,"myAppStateKeyId":"AAAAAI7Y","lastPropHash":"3R9Z39"}