[{"senderKeyId":492144110,"senderChainKey":{"iteration":733,"seed":"yaApFQxqpZP0am70zgagtYx0+mZv7zSv/GLTS9vMlE8="},"senderSigningKey":{"public":"BWJuFv65/YNS3CdkAnMToLpAHKbdkHj0C9iB+ts+A34b","private":"uNmtzINvkK8WsR6Qa0rQinl2I9h+M7EB4NLLOCoN00s="},"senderMessageKeys":[{"iteration":1,"seed":"6WEvfmcPjwShmmGUuJpZubgK/K2nP97hroLi49fJ1b8="},{"iteration":3,"seed":"r03kz0Jl0Pl2mPyCNM5iGUo7ttoeJ2pcdscwv0O6egc="},{"iteration":5,"seed":"yQ6FRsEPOLg+sfGqZIYzmFzyEeyUxx8C/BwYSbqGr0w="},{"iteration":7,"seed":"u/Y9mFygPQRzJy8L3kPapjgCs3woMTaOeEKHUKlu15Q="},{"iteration":9,"seed":"IssaUYDuwLxDrT8WhrumZRUUwr/cvadKD0YIs32T6DE="},{"iteration":11,"seed":"x0GsVr1VO2Hy3OMscGeoPEGPGvUuwdMcssumodFuLJ8="},{"iteration":13,"seed":"li2sffN9tF3fxTyhgHZ22CNxPUQDoBgjsk18oryvbd0="},{"iteration":15,"seed":"EmOE6Dhz4GORJdVrXvSyOCkWuFE6s8UeoBiXy7DiA7g="},{"iteration":17,"seed":"j4jwjHtkRmw8E0z3VrvvyaFRUPqXk4CIRNHC41+ATB4="},{"iteration":19,"seed":"ovC74rOEb+KN+1JC1EAhTnvXO4Jml/Keuq2lM9kA9Qw="},{"iteration":21,"seed":"AsqcjUW7h60Ajs5EgtUqeFqHHI0PeNTGK4YapSIDQFQ="},{"iteration":23,"seed":"mbAI62RXosU4FGQ075/CHBbvn6atWCpgnuqsaJKPP/I="},{"iteration":25,"seed":"jSzkCM3bjGG1/6MCHhUWHqgYwRWZmCkfGrVjd+AajIw="},{"iteration":27,"seed":"FbqrV8/X5bEyw40WmGUqQBpIn2AHDNnhtFgLhZThrN8="},{"iteration":29,"seed":"0ATggF1WYoss/s/aT6m+HBlBOmlpFitMdX0EpmFfi90="},{"iteration":31,"seed":"KFzxr+UPnIdbG3ywwrxE9aXOlj3aIsVC/OeQ5FEHXzQ="},{"iteration":33,"seed":"v8B9njrBVRcgw1xG3FJXK4Y8zhpjqSmt0Z63NOtF/R4="},{"iteration":35,"seed":"qm/JQMIgG4xL3Leyd08KT+XlMYJmgydymL+mPApyw7o="},{"iteration":37,"seed":"lPgblJU1PmMpiJmsk/RPuffaVjnxO+x6iM8VAron/xg="},{"iteration":39,"seed":"RJTaJf5Q1yfQVyJdEzq5g3dZTgcqYAN5DxduwjNjwPU="},{"iteration":41,"seed":"pFQ7pztfHZfLPc2cvPmUUmyCcD3VckM4pqGQefPWmnE="},{"iteration":43,"seed":"EtIcUmoZlz1V3QJgtafO11LQCQF0Q3VY0XogHEWbn+I="},{"iteration":45,"seed":"br3MRKKqZHiVEIDSaGV2Twt+4/y/eU2BimiABgi/hOg="},{"iteration":47,"seed":"PJjMoXQjeISaIP3OhCt0+RBBRWqKghdIhU+4aybyJZU="},{"iteration":49,"seed":"vmzIuLdkqT/pg/h0RQilg2dYyB5EntENY0/TBRWhZso="},{"iteration":51,"seed":"9lOf8JU3JEFuqbkZIRsr7z/WOozBzSYRVl1mnO6IHVQ="},{"iteration":53,"seed":"6R0Yx1wYmKBYO0m03ibBazp5KYzVuV0FW7GLOdOOIkU="},{"iteration":55,"seed":"R7Vayo+UU7S1myQIUTyt7LXAdEA2xhTzA1W8HaODKA4="},{"iteration":57,"seed":"xpMzybT/Uo+vnwvvrciDlGik7nHEXLiEnqSS5aGX0NE="},{},{},{},{},{},{},{},{},{},{},{},{},{},{},{},{},{},{},{},{},{},{},{},{},{},{},{},{},{},{},{},{},{},{},{},{},{},{},{},{},{},{},{},{},{},{},{},{},{},{},{},{},{},{},{},{},{},{},{},{},{},{},{},{},{},{},{},{},{},{},{},{},{},{},{},{},{},{},{},{},{},{},{},{},{},{},{},{},{},{},{},{},{},{},{},{},{},{},{},{},{},{},{},{},{},{},{},{},{},{},{},{},{},{},{},{},{},{},{},{},{},{},{},{},{},{},{},{},{},{},{},{},{},{},{},{},{},{},{},{},{},{},{},{},{},{},{},{},{},{},{},{},{},{},{},{},{},{},{},{},{},{},{},{},{},{},{},{},{},{},{},{},{},{},{},{},{},{},{},{},{},{},{},{},{},{},{},{},{},{},{},{},{},{},{},{},{},{},{},{},{},{},{},{},{},{},{},{},{},{},{},{},{},{},{},{},{},{},{},{},{},{},{},{},{},{},{},{},{},{},{},{},{},{},{},{},{},{},{},{},{},{},{},{},{},{},{},{},{},{},{},{},{},{},{},{},{},{},{},{},{},{},{},{},{},{},{},{},{},{},{},{},{},{},{},{},{},{},{},{},{},{},{},{},{},{},{},{},{},{},{},{},{},{},{},{},{},{},{},{},{},{},{},{},{},{},{},{},{},{},{},{},{},{},{},{},{},{},{},{},{},{},{},{},{},{},{},{},{},{},{},{},{},{},{},{},{}]}]