[{"senderKeyId":1846044210,"senderChainKey":{"iteration":34,"seed":"xGR5D55FWRJwhcgVgqaw3sZeQyBe88SpmUV+/wI43hM="},"senderSigningKey":{"public":"BbQD56jJG4emi1V0TIruLYBFAbjgCuwQpLJKVnhheO9l"},"senderMessageKeys":[{}]},{"senderKeyId":1713185390,"senderChainKey":{"iteration":15,"seed":"9ZgwKgXbUEn1ljjthun0LKGHsKwyDUd9bmkl6C1eQng="},"senderSigningKey":{"public":"BcvGcMr8gy7TD67YuszmSfOH1Ip0U3FKnAiBahoAhfo6"},"senderMessageKeys":[{}]},{"senderKeyId":1052496369,"senderChainKey":{"iteration":62,"seed":"dXY7IlQWW1nyMlbwRiS6mawM+JobsknCz62ts8F0hD0="},"senderSigningKey":{"public":"BcigAkk9ZO12JKI9gtTP1sRhE3HO4qMJGqBady3pdNAM"},"senderMessageKeys":[{"iteration":14,"seed":"6+725074HE4MyRBFV/7tznuIAdCdjxG/gA4tCNEqAXU="},{"iteration":18,"seed":"I2ePjNCu6brwuk9lI6m/TPXzrw/khOXrHhqvZ6Kcdkk="},{"iteration":21,"seed":"8Dj8FTh11tD4IA5pnByhkpVBkxSw0sqttsVxF/D7FP8="},{"iteration":24,"seed":"987pWxzvtNWlM1vjhhEF4WbbxzLEY+MoMvc9vuuS37w="}]}]