[{"senderKeyId":1686942489,"senderChainKey":{"iteration":17,"seed":"bN9rUysnFuhvPqRrcCziKZIIJr/DjjtI3vgQK9qYwQc="},"senderSigningKey":{"public":"Bey532e57rbcu/np8IIeNwWFsFbN9cbZhZsKtYkkIvMb"},"senderMessageKeys":[]},{"senderKeyId":1278148523,"senderChainKey":{"iteration":14,"seed":"L8Eb5z5lxvETH4uqkkTXv0kE40uTRoOxinamo3EvOM8="},"senderSigningKey":{"public":"BZ0r6MbcYMMlQPf0BaZb/PAUtZ+WCzvy8xFCfzuV4hwk"},"senderMessageKeys":[]},{"senderKeyId":1278148523,"senderChainKey":{"iteration":9,"seed":"aAjCIAkCS8u+LzyxO83IkqmSVjc8jynYvvqnu5vyk+c="},"senderSigningKey":{"public":"BZ0r6MbcYMMlQPf0BaZb/PAUtZ+WCzvy8xFCfzuV4hwk"},"senderMessageKeys":[]},{"senderKeyId":389159949,"senderChainKey":{"iteration":2,"seed":"vnpq2+yE2iX8sblzZUb1yOPRsYIJ1haDEXgSdyyetvI="},"senderSigningKey":{"public":"BUgQ1UUqBt4pIMm0NXppoixxtWmFq9lLJ5Txe88mUE8K"},"senderMessageKeys":[{"iteration":0,"seed":"xG9kz0dd9r/vHbrB6SDzED4SzpETX+sqItZGamejk+Y="}]},{"senderKeyId":1092285921,"senderChainKey":{"iteration":8,"seed":"26y5q/tdqPJ4HUh15Q8S/Qb8PpLwuYyYquUrabsOeQ4="},"senderSigningKey":{"public":"Bc3l7O2vzhWRkqlwS9rTi750/RGry7T22XXCvuT7wKdM"}}]