[{"senderKeyId":1290044261,"senderChainKey":{"iteration":1,"seed":"KED6CcUvqO+aavJAF01syWpfnJc+MLuHcpgqSeDF9sY="},"senderSigningKey":{"public":"BSbnCI0ZYq7VFqaeAuzbNJ76YJTW2fJAPm0yTLgQgVh8"},"senderMessageKeys":[]},{"senderKeyId":1913999153,"senderChainKey":{"iteration":3,"seed":"2+WGSOjHV8TTA8D9X9DhNrzVbQSzaqUPhVbvheHwolQ="},"senderSigningKey":{"public":"BRpEGkv4wJHk/XLn9KxsXJFU9JVqIpdzEaqnZEbPFgw7"},"senderMessageKeys":[{"iteration":1,"seed":"YTtay/LOob/InQVtTSlUQw15NSJaIs98eR9oOv6FmZg="}]},{"senderKeyId":893629153,"senderChainKey":{"iteration":7,"seed":"+ngig9WfBIo77MJcHTbYEOx9uuosUjpyTFSa+Iz3ekE="},"senderSigningKey":{"public":"BTn17iOmtWC5SFz/lxJMTAyWnC6Z4bFhsA8Fh0PNE0of"},"senderMessageKeys":[]},{"senderKeyId":215873551,"senderChainKey":{"iteration":4,"seed":"Q4ZZgufCzrJ8DjJIDjyRj9CshC4EZMVlWmhDwXSoLsg="},"senderSigningKey":{"public":"BWojrK1dhHm6mpneQWSzx4Jy9H9+UrG9kh1L/VnqRkkq"},"senderMessageKeys":[]},{"senderKeyId":2047065416,"senderChainKey":{"iteration":25,"seed":"a7Qrv+9Q38OFyvz/z96ujd2Bp3L/VdNKArJPiJtM6UY="},"senderSigningKey":{"public":"BUeUwM7DYLwyGg4oGRnm3EsJ+zUbhLQ2tUTjcyP9XUAE"},"senderMessageKeys":[{"iteration":0,"seed":"APW9n7upWalVHjlGn4yT3e11QKUCwFDi+2ETauaxFo4="},{},{}]}]