[{"senderKeyId":1661453782,"senderChainKey":{"iteration":5,"seed":"nTNJXNDJ51bVPRzuAgxCl6A08eZg9WZeQa44t9WIm8A="},"senderSigningKey":{"public":"BW9i+4qMyFSSEYFPZ42dXUdJTJXxC1hJWqYpllybS+lI"},"senderMessageKeys":[]},{"senderKeyId":1160499142,"senderChainKey":{"iteration":2,"seed":"JUAUsnNAx2Ri+gXrIM7fiE9/OQfSMccsLdXKMzK5Is4="},"senderSigningKey":{"public":"BeEFJMALmTFkUdx5THq/qbt6mP6aBvEViA+efpTaa2UE"},"senderMessageKeys":[]},{"senderKeyId":228195713,"senderChainKey":{"iteration":1,"seed":"186PXbbow/gpYFWYYScS8L/vzaolY1+llGrrtvlV5lw="},"senderSigningKey":{"public":"BfLFJ/eYyR8mEU8cIFAaaPHkhSDbJFB5jS0NbLqlRQ9/"}}]