[{"senderKeyId":298481814,"senderChainKey":{"iteration":35,"seed":"ZW0EHuneR9J/uRY32fc8uCkycH/lVLoc2rLcYEmuHXA="},"senderSigningKey":{"public":"BZXh/QHOkNCHtq8rW7xVCmw5AwM3iVOWscSTw02G0wVv"},"senderMessageKeys":[]},{"senderKeyId":769039872,"senderChainKey":{"iteration":6,"seed":"zJi9nW8thA+QznHglvltgAkglk+EETcieUkNK5FeTKM="},"senderSigningKey":{"public":"BXPJLjI5TDKUcxJk62CAXD+FBfjsgPpykHtwp5COHkxz"},"senderMessageKeys":[{}]},{"senderKeyId":769039872,"senderChainKey":{"iteration":2,"seed":"bx1TE/VaelxoO1+Tlfpb7eyInM5EM1P604kWqzCkZpo="},"senderSigningKey":{"public":"BXPJLjI5TDKUcxJk62CAXD+FBfjsgPpykHtwp5COHkxz"},"senderMessageKeys":[]}]