[{"senderKeyId":2057310393,"senderChainKey":{"iteration":47,"seed":"P+Ng+rPK7mVTiwSp1oVkLNvyAsJ5Vpv1CVFjQRvFOks="},"senderSigningKey":{"public":"BYQ/V9ezxhPjqCjp5tqHQ5aKOebAc2BdryxbAhTQI/1V"},"senderMessageKeys":[]},{"senderKeyId":706507222,"senderChainKey":{"iteration":157,"seed":"yz0XTPouPKaxfGGvOlfSemPSv8E6Gv/DTsm6ABcZ0+k="},"senderSigningKey":{"public":"Ba3vLP66+X31AKNJHFz69UGI31G37a597DDXxcQ2uZQy"},"senderMessageKeys":[]},{"senderKeyId":113663595,"senderChainKey":{"iteration":191,"seed":"vegvidPtPswvvFhJy7bVFtJ/xwAsH86uaciZK4oMlLA="},"senderSigningKey":{"public":"BWlht3a+8YOroZgVUlYHZ1UGtVzfLUOXpYV4Py+7hW45"},"senderMessageKeys":[]},{"senderKeyId":113663595,"senderChainKey":{"iteration":2,"seed":"bG9xJA/kRLhsHNgG+VaBARjr4O0uZFppHIlb9LIYYXk="},"senderSigningKey":{"public":"BWlht3a+8YOroZgVUlYHZ1UGtVzfLUOXpYV4Py+7hW45"},"senderMessageKeys":[]},{"senderKeyId":113663595,"senderChainKey":{"iteration":153,"seed":"tPMIAPFHE5cqGhgicd6Cx/Of1nDs+iS+CaU6umw44J8="},"senderSigningKey":{"public":"BWlht3a+8YOroZgVUlYHZ1UGtVzfLUOXpYV4Py+7hW45"},"senderMessageKeys":[]}]