[{"senderKeyId":1225880806,"senderChainKey":{"iteration":1,"seed":"k7AnWUhtOwQzAXmJ+EpR0UwIizRnnDLaammPCMvSY6E="},"senderSigningKey":{"public":"BcS86GP4kvPqROIY0abJ9LHWVpgvfkYPdIFqt6a3Y/16"},"senderMessageKeys":[]},{"senderKeyId":806606356,"senderChainKey":{"iteration":2,"seed":"ojDnnc0X3x4ET+jmjVYazY9COCuLiqsW3Dc36zMKDiM="},"senderSigningKey":{"public":"BU6MKrkpNyuNbwIiGOzSe0oADbmSFYe+CLQ24weqAs0y"},"senderMessageKeys":[]},{"senderKeyId":806606356,"senderChainKey":{"iteration":1,"seed":"LvP3klrohyD1LtrM2oEfuig/DYL3RLrcT5iS+CIJUvk="},"senderSigningKey":{"public":"BU6MKrkpNyuNbwIiGOzSe0oADbmSFYe+CLQ24weqAs0y"}}]