[{"senderKeyId":648108463,"senderChainKey":{"iteration":12,"seed":"O1HfnJydSoPrxnCkPGWS3BNUYgEv607IqNHkNoLf6Qg="},"senderSigningKey":{"public":"BY77GkddkEl0M3zrBDjA3YngNJetpKRebXm2B3LCyW0y"},"senderMessageKeys":[]},{"senderKeyId":465461288,"senderChainKey":{"iteration":28,"seed":"1L+wPJaxIJ9OkxwCQSXZfYTVGMlfozjy1+AUOhhtX9g="},"senderSigningKey":{"public":"BZpMuFbCAjqR8sd5wWUQv6u2HW9PQwjGHB2/qEtbQ8EQ"},"senderMessageKeys":[{"iteration":0,"seed":"DbW1L57AoBvoU1d2/CRVDzI2uIfJjy0dcnXasjlCiPY="},{"iteration":1,"seed":"sAf9V9Tiq9QjUdu2NzrINW8WyHbv2dpa2qL1+bubGrk="},{"iteration":2,"seed":"Xw3RWDdVVkuC7vK5IS5nzeiUYj5CcTb1ikOEazWwhsE="},{"iteration":3,"seed":"t9iWkLWSu3/DJB8M9qisBOboHBiH+NKo61bhbvKAoc0="},{"iteration":4,"seed":"NH9azA+LHRkykAKAxB/nGnBWIbGBXpk+TRi0UGwJL4k="},{"iteration":5,"seed":"u/68VkUzbxEkDqukzpUAbAJUjiKi8isk1xxpZw93wQM="},{"iteration":6,"seed":"CjLg21dUe17x4Jh8GTjrXcJzaKhNgJ/meGhfh6kiFD4="},{"iteration":7,"seed":"a88/2bN+vKs5bTKac1kChUvqgcx1+ETFqTvdrPo/T9s="},{"iteration":8,"seed":"DQKxF+TSdC0Es8ENOzmHpQmApR1ZCEMuTHUJQHde6fo="}]},{"senderKeyId":465461288,"senderChainKey":{"iteration":13,"seed":"qhCtbzUOkEW0Rx5UMUe/1HtA5ScZHwm8+T4HLygBOW0="},"senderSigningKey":{"public":"BZpMuFbCAjqR8sd5wWUQv6u2HW9PQwjGHB2/qEtbQ8EQ"},"senderMessageKeys":[]},{"senderKeyId":1694680667,"senderChainKey":{"iteration":0,"seed":"iog/0C13FHuXlwrLWUV6XF60xYNlFjebZD0kjy079RE="},"senderSigningKey":{"public":"Bev/pI2f6EpacCmx7XMfzRhWHx4pC8AhmEtfHKf+S6Zr"}},{"senderKeyId":596148987,"senderChainKey":{"iteration":2,"seed":"iPZeeS9TBv6wu1BpR6yjAK5QENiKThrcsFPsZVETRHQ="},"senderSigningKey":{"public":"BSVCagcP+piveg4hbogVlFwmrcKW8ZnF1rjRLuw70sY5"}}]