[{"senderKeyId":2098110502,"senderChainKey":{"iteration":127,"seed":"328Cf8W7K7LJe86JphaykXTJB65Xjo72J0bt4UgDHMw="},"senderSigningKey":{"public":"BV8i4AGP9qryH6Fg9b2b5MXLHbbhlfTtWkjXEoMPVEVW"},"senderMessageKeys":[]},{"senderKeyId":547673630,"senderChainKey":{"iteration":5,"seed":"L8w3k+U0x/wWrKRaJnmAzef4JeSBC0CYrM0succkrTE="},"senderSigningKey":{"public":"BQUWVvNoOW35mkZBiQXjo/ym0OxtO549DU+5/FQGUUMs"},"senderMessageKeys":[]},{"senderKeyId":941056742,"senderChainKey":{"iteration":54,"seed":"V8fvMJWgV8h+1vU+zuES9q39mokLyLISNLX5tHDu9kg="},"senderSigningKey":{"public":"BTnXRUDVAyHHpoFxgD7MnZnnM/lkWHe7saV9v7nXsC14"},"senderMessageKeys":[]},{"senderKeyId":471742712,"senderChainKey":{"iteration":42,"seed":"pt7SDovxpB3/c945KcjANGl2RIwLc2nmKgVMm7Sf+OU="},"senderSigningKey":{"public":"BUn6y7hQUXI7hystN4PuMX0m/u1Y0wJmaR2UImyDEKIz"},"senderMessageKeys":[{}]}]