[{"senderKeyId":733915423,"senderChainKey":{"iteration":4889,"seed":"ubU/YblnW0ZywJHS8lFi75ViYWeL9ZSY6aRJQ6fn2lU="},"senderSigningKey":{"public":"BUGGwV1QBfnvamoLdZXfPVFOCs5cfpfeJRP7Xc3TCEg4"},"senderMessageKeys":[{"iteration":3765,"seed":"qN/w3TEVrdKRss/5nIZGtTLrMiO7YyPdQ4j//VRZ5BA="},{"iteration":3767,"seed":"DAu9pwEsNsRtCwLKppwzwAZxAW3pJiVyHqY4urzcHok="},{"iteration":3768,"seed":"wXvw0b7q/CU2HUsCsmkFF0vALu0IYAqOnA2CrW+F3z0="},{"iteration":3769,"seed":"aM6ICtRG8kEAWcSoGAHWevigJVipLcQ+98f+LADTX1I="},{"iteration":3771,"seed":"LDpXz4+maA81bBXO/qGXKRpVMOBj6+PsSZXlRF0RLcU="},{"iteration":3773,"seed":"N7gxo5G8OceduWW7wdFlmjGg58A92dWmf3SWMNUnVx4="},{"iteration":3775,"seed":"48HHodcsD3B9eoQJksSZFO3Mj2JG6D/Aud3NH5/vMK0="},{"iteration":3777,"seed":"uDEQ6F7N/mf2UqgmTE+lqwWHoO1hvr6JBRyJBjJIR/A="},{"iteration":3779,"seed":"WtGgkUnrLzYo2CAODImz9bDr20ljwNsjGHwBAM51z3w="},{"iteration":3781,"seed":"lG6USUOJx7O4kLT6fxFPDg7g+Lc/cEMwN7R1fxXGHTs="},{"iteration":3783,"seed":"GVXDj/0VJMx5quq6fH0m+ebpa1DQp/q875KznZX7bWM="},{"iteration":3785,"seed":"QaQ6102gEU3rk6UHVKjbDJmbh0Ld/iDL1Ug0XfjO2ac="},{"iteration":3787,"seed":"sUFOrKmnXT5sDnQFykfwDw4c7NYo7YI073ENcz4IoZ4="},{"iteration":3789,"seed":"F+K6dLWLCi31Gt11Xva4tMFfvYLz0ya9TWD7DV4XaTg="},{"iteration":3791,"seed":"PdCA6ERqYXc4F5vCmNLGZenloM/r6uVGxNH3xjUtXN4="},{"iteration":3793,"seed":"4oG/2Dfi8Lb7SvGTokkEJvwWXibOpH7A+2VWCi8/Sbk="},{"iteration":3795,"seed":"ACvRdIYtj2rFtBLrmcQP8Lks0/selbHku6fqMwyK+xQ="},{"iteration":3797,"seed":"wniKOXUX6nYUmrdp63yFYb78IJMEg8pe/U6Z7zALYC8="},{"iteration":3799,"seed":"wodifd2wqUDtn+c3j0R2OAddV3h3qI6cS0+GALpQAnc="},{"iteration":3801,"seed":"OCClJwLzvW7whyBjhFayzkU7IqwwJkGFdBT7HdS6NOM="},{"iteration":3803,"seed":"DPRtKlhr4chvAdkDpolloRQ4Au6l/ZuXw6p4YKsDdy4="},{"iteration":3805,"seed":"9y5IiGJv+VBT4MKuI0xc3kD4oRPMYZu1sAyLR0m8OaI="},{"iteration":3807,"seed":"llPUjYDMKnwWjaBvPCyo+yNRef9tO/JOpIOSiZffXq0="},{"iteration":3809,"seed":"e6c68OtsYw5506Z9rgnibPsvLsTgK4apncxDtUHTAvE="},{"iteration":3811,"seed":"DxEZP6csVLwL2CU5vpF2oCdsA+CexofSJbZ+U/Nq1OI="},{"iteration":3813,"seed":"dP5T76qIHKvoa+4o5uKDrYajScLzcmJw+9km9BC5kFI="},{"iteration":3815,"seed":"IjPC3Sa4IJ4CwwNZA1beGjHuThwDFAc12Dcsn0RMmqU="},{"iteration":3817,"seed":"vajxQvdjVdvWsWJlEL2KvbeQK/WZRViChEIRlVWjYlE="},{"iteration":3819,"seed":"ZS2OYRUk8WqbSDKF7IOJtkd94Hs7N8eYt05RoItcUZE="},{"iteration":3820,"seed":"2XrjA8hZ0UwMFL8QZ5lJ7tLf0Fail/OiRhl0wtlyLz8="},{"iteration":3821,"seed":"TnJfXPWz5HYfuZSjQ/nEyLWBUmSWrdfIVl/nET8npGY="},{"iteration":3823,"seed":"XsDqkgxZsCdFrIIRG8E6UbdSQ2Yob1HZJs8nQxStd4Y="},{"iteration":3825,"seed":"yGlTEjLHbitIqSMWEKP18Qrtdkq6QB5KiwcxK0rshyI="},{"iteration":3827,"seed":"uQ9hmaVKAkX5v8ootE/HqdnhD6bq80uOKd5ZwCuDAag="},{"iteration":3829,"seed":"ztiTkg7Xog6o8BS9NGHKPgIX9ppwrThse4qukiRAZgY="},{"iteration":3831,"seed":"cypgladcS1gzYVGZLaGDJ0JEK40m752hiqz5kDSuAMY="},{"iteration":3833,"seed":"+0WYF4P4Vr4fQZSdZWRtVestNJOjexKjdt+kDpSUQr8="},{"iteration":3835,"seed":"gwlZmCVpZbShr4/jsaF1ESgInzH10waL26fBFJRDjCk="},{"iteration":3837,"seed":"Q04P5weGiTs4xs95tfxYCbbSIF23KYZTnR9CfeHRT/8="},{"iteration":3839,"seed":"7igO06+qEZDAMf8vDyLzE2Z8YfBggQEuDNtk/d7xA7A="},{"iteration":3841,"seed":"SegMM2HyMYo/LF1p46+7v51pGwSs7zx07SooLz5HV1U="},{"iteration":3842,"seed":"zmUynBnBY1m/Ma/Bmvs87MKW2kB54xaurPjW2DkabAQ="},{"iteration":3843,"seed":"68lneo6mLUFftxLr/s1NWM+COQtvbBD59/4155lFOsc="},{"iteration":3845,"seed":"JGjqhdq7C2T7orp/bcltJg41Up8j5u1C/PHMHG72aTo="},{"iteration":3847,"seed":"kXAd1tjqSWgh4QR18IIe+HJ96DLfYXm6WO2YcG3noHo="},{"iteration":3849,"seed":"/zMo4G5O49SPencQs5rnUMLxcefQ5HejvQzPyd1YCNw="},{"iteration":3851,"seed":"g9WCHHl6VzhL2kJH/Y3y+48l9xcCTvhUQJul7/MUXfE="},{"iteration":3853,"seed":"U3/Xrelbpt8+Zq47b1f8ubfy6+NLMxdhbid0UlyuFS0="},{"iteration":3855,"seed":"T5/Uyt6/13yVxDSvucqQ+k04nUXkE3C5zRH6ghm5hzY="},{"iteration":3857,"seed":"nj7gzkknUG4IiaaxA4kKVnx1UrjUuVhrmZaSmeVuj2I="},{"iteration":3859,"seed":"wWsG/g+CYIJhh1rIj8WbenNAGpyml/STVEqXleJ+RC8="},{"iteration":3861,"seed":"xuH90/U6QgmsaHUoGK1ttM+Ius38bBNz8tO0UNVQvuA="},{"iteration":3863,"seed":"AWnJCBZEdujiq23t18rSEDy4+Qi73TrsyBeJ9S6AetY="},{"iteration":3865,"seed":"jZhUmFirvrNnCgp1HaOq/U2NxvoBggnjaxUaiPqdbaU="},{"iteration":3867,"seed":"BNH/R6ubR0Hn4jZuhLm7PGlb/KFaBRVwhMG7byB3hlQ="},{"iteration":3869,"seed":"7wJkrNumOANjFhpjIKxoNArFn0RAiI1CPfnF0lMxDA4="},{"iteration":3871,"seed":"yNHubi3bVJiTaIceJf2JU0kPSdF6mKm5Wd+ErhnK9dg="},{"iteration":3873,"seed":"sGApUBlvpIU+5ghjcEuCaQEmLPJENQ4gxr1zyuGsjwU="},{"iteration":3875,"seed":"DejWqwfaMiagvuYNvqEeZvaxcCI4X3b0Wjks4UIHdY4="},{"iteration":3877,"seed":"GTPQOBN5H7xL/vRj53LRgIIjLfHbg9lZD34xXlfHOBA="},{"iteration":3879,"seed":"zSrppPZssIpBLV2MCxlE5sJWdNqY4UfqULDclrAqAZI="},{"iteration":3881,"seed":"iC7XiyF4msrWouuTCHbD38kaJM5iFFDiF7yHFEkXEPA="},{"iteration":3883,"seed":"YuFXXtSQj0wBchzYxFLVqs1aTYEU5qmDRKFkV6Ex2gU="},{"iteration":3885,"seed":"NQq9NxniCRKqorwrG1aAPWeb1f8COWIL1vTpti09CIs="},{"iteration":3887,"seed":"2VuBb6LZJWr2HGs4Wq9ai5E9s15weggEp8Q0wmfwXhA="},{"iteration":3889,"seed":"bMpziwwZlj96ry4hK0jCIpA/2AqPO6yBYt7+r1QnXds="},{"iteration":3891,"seed":"HSCYbw4E/WKOhw87RwH0dWJdBrX75vBIdAi1Z0qaeV4="},{"iteration":3893,"seed":"5ktjeuzmjvP/ZWD+uVY4iv+gecWK0qAzOSSB4ngcsA0="},{"iteration":3895,"seed":"5WpvcWWVWV8JST0RPs0mZqbPJP58t4y3FrhOdnKCWCg="},{"iteration":3897,"seed":"MYrI6QoJvOLDLMO+aYM5dso5+yRzaECcbYhufLxlHvY="},{"iteration":3899,"seed":"PTujJ75iDTFe9xC9+VH60nKdR20nsrg/NskmINuhTwE="},{"iteration":3901,"seed":"GQKNuP+xoLYV2uMCEgP1X+brXI39EAOdyARJ9D4/bFQ="},{"iteration":3903,"seed":"syQmjrxbL/LGl71zEFGmKYvmYBBqZ1p0UgOThdZJxS0="},{"iteration":3905,"seed":"UD2I7qBlxRZ31F3VaK1pPQhmZdXnFm4bkuCVx8QvNO0="},{"iteration":3907,"seed":"gOGlabGWLYZAiHOi3Yx+81jIYju0yXGVtqlW2TykSyg="},{"iteration":3909,"seed":"DaIcaxh9q3INaKgK9gQXp7EsmOJVIitgFIzAG9Fn1ow="},{"iteration":3911,"seed":"6Iml0BFtY1nJleJyXMKuwvhX2l9aDVMeJkItED7U9p4="},{"iteration":3913,"seed":"hLNSEzO6cHsdhOU6lOzihphQ7ol/uclaSByP3Bu+BMw="},{"iteration":3915,"seed":"8tYgI2rWU5USS1aAtyMlozGp9pjCBaMdy6zCf4tnWuA="},{"iteration":3917,"seed":"GKJ5lMi6opQUVwlJSkY2KRu7doicSoHTjfhZmrJF4YQ="},{"iteration":3919,"seed":"Cjzv2PvXK9ZPYcYsUwHi07cn3GzYOLOvWMqAJudrW3Y="},{"iteration":3921,"seed":"k2Pb6lfxdNSdt/LKtFtmSDOmVqe6s5OPzSWnadzC4lE="},{"iteration":3923,"seed":"p6Dh+ylObjWNgTeQ9wbdE9H/CVdKqgCeztNpzKR/yYA="},{"iteration":3925,"seed":"I6eVPshpCXnVb09J24xyO1TRGtE93Q8HS7qsE1Jx1+w="},{"iteration":3927,"seed":"rj6qOU82You+WCUkGS2xzZQ2Eopn/Y0abyUrHshH69M="},{"iteration":3929,"seed":"upmvGtHa+OQqmSKXVCFECAq5M7eSUeIdWsujYaBq320="},{"iteration":3931,"seed":"mqkOS/I3kAD/2yFtRCA3WZ34Nh9+GryBN5adSwXeoZY="},{"iteration":3933,"seed":"r+WYokPVsqVeqFVTn3FeF3aloqQxt1IFTHYNrbvGOiA="},{"iteration":3935,"seed":"wWbZhsFn65LApxkfJJjWYYGH/4Z8u+XxAKo9EOSrwqM="},{"iteration":3937,"seed":"FlCvzamKUut2bpp02j9zTNhwUes9tZby3a4ReSjtsxY="},{"iteration":3939,"seed":"gTcEfHXjLfWLOlMww2YOScsHlPMcAn5eVoq3Q+kDyvA="},{"iteration":3941,"seed":"qQpEgaRdmGiaY+2yUhHKpzyW+ZWJ4m14XtjlnhMllvo="},{"iteration":3943,"seed":"mi2u0j6Nu/lQZgfFXy6GlDdq1b0VpHIAM2yi/577lXs="},{"iteration":3945,"seed":"0Lz7LUT04BOJXBat2Zb2kRDVNzHZzH2PvTzXEBg3eCY="},{"iteration":3947,"seed":"aPKsOUkaMwK3ftnRv2GKJIstIB9SwkvREtRyX2WbPa0="},{"iteration":3949,"seed":"tvTN2Da4RGMZO9PPp9QvjRwI/q5zLsdUJyjHsg7i8ds="},{"iteration":3951,"seed":"C0JubAth/3ZCBvrXf7uhOld+1Brgixg4LXW3W/XvgMw="},{"iteration":3953,"seed":"T+F2t0Nn2TdmUO8njWshs691aFeLVQS+3frQBwIqkAk="},{"iteration":3955,"seed":"r0JnTojiBzryXlBu6oWTRCiCiriQu23BTaCCjp32KWs="},{"iteration":3957,"seed":"tzTwEQtF53de3+tsMiJwMhaMb9xdQqUfTonI+bBt38k="},{"iteration":3959,"seed":"7GgFKdXz2pMaLPwh0KSGlQIfkeRk4ZWvUvEoXvJ1NOc="},{"iteration":3961,"seed":"qSDsi8Io7q9BaxHi9vLyzioUlO45RCSJKKWTHVZ4IFI="},{"iteration":3963,"seed":"79Nn7rnYZzJZW3wRyvHqaj+7UnDSfZCQ1FI86mpIOi8="},{"iteration":3965,"seed":"I2JghA1oDS4B+p52rTCjjDCnIqTiSwJzIOUIHwvdUWE="},{"iteration":3967,"seed":"aFRi9OljpOlgtL5Oynljlgr4dIT3aDziYElMS6WtpAU="},{"iteration":3969,"seed":"X9kE/FDFaGqEdAaP9D/V2PQU4TmfujSIhM5Ufu7Zj90="},{"iteration":3971,"seed":"3rgBv86Fb0m+qKRsqFwcWF7IXsQTWJSqAb05vktIkeg="},{"iteration":3973,"seed":"Vu9YKgh5WqltmXFf2+9Ojy62AK8BWaQSW8k1NHNYWOg="},{"iteration":3975,"seed":"7jNlz2BFs/UZUH0AzX+eZ/6rL2jr3/GMyJ8ByhQQbaQ="},{"iteration":3977,"seed":"T/RhPs5E7Edgc97eTnO0njtre2UwDCZayvlCFE6jJBk="},{"iteration":3979,"seed":"+LB+2psPKBICILS6yUneKzzKZeh/F7Q/dZBiaWr3hzE="},{"iteration":3981,"seed":"XmiT/oAtObAFdICCrxukY/5ewRDqD4FlZ7g6rbdrO3Y="},{"iteration":3983,"seed":"1D9fuobxTC3NN3A+tu2TBZXXlzwgrIvFwrrSJigzEvE="},{"iteration":3985,"seed":"zTZoYc7zH70lGjB3Ix3eAs1RqKiySbbGsg5Zc+6cxMk="},{"iteration":3987,"seed":"amL508TLrXxBhyMQ8doJYDmiFSA0DHjFPfSMpo1oNWo="},{"iteration":3989,"seed":"U/FS7nw40LgsmzyFFF+prZzJ9yk5CD4z4jNxpNPp7YU="},{"iteration":3991,"seed":"0IMYe+xfhtkhy8m4M00U66U+KCp0NnppMU0Rl91HqQk="},{"iteration":3993,"seed":"fakccG041hMnVFXTM2JOHxjhlJ1QEvS9WQAnv8/ucWA="},{"iteration":3995,"seed":"ZbIYCCEjO1l8uiaF1rUgJq1HqyrsM59C0aw80kBe68U="},{"iteration":3997,"seed":"gGMXwULABXg6thrVXzIZCqbNZz+K6KbLhU5K6ortJJs="},{"iteration":3999,"seed":"nhiX60CKlQT7xP/TPuiaLV+LJJ5QFsOqAKNpJTfflHI="},{"iteration":4001,"seed":"0IxKi7/fAr5MBCB8LiPyvRsZzUGh1XJRTq2R5QzflOw="},{"iteration":4003,"seed":"8lu7/Tng197amaqGe57MUSbpoBYDd8DwjznAkcwhrxg="},{"iteration":4005,"seed":"whYMfj1ppJiFILJYnzEHbsPJ9h1XgOalZw9Jts7AWKo="},{"iteration":4007,"seed":"LH3WYkWZT8IjxPdmvFx4q2pygxeY7AN29am07m+lKi0="},{"iteration":4009,"seed":"IG76XbP6d2byFqN0o8qQsRplp9+7mnpnzTMBmZ29BOc="},{"iteration":4011,"seed":"Kg4Dj3Nan5YLIfWxxvUMuwheOthuciZXpW0zOAQY988="},{"iteration":4013,"seed":"j1UYeh0UrCZb+czp9I0U5JITDqSS5LbWe0gxwB76K+k="},{"iteration":4015,"seed":"8dQepowjSQCP3GKxYPorSErn018sq4hMrhBLIXh3Z9w="},{"iteration":4017,"seed":"VLgzDhZdZDvzEJ3amDKxIadZnRZENZug8uZDP4k9o9Q="},{"iteration":4019,"seed":"XUJpPjboZW+nEVHTxO8cwM3bGyO1jCJ66s00eyJRsU0="},{"iteration":4021,"seed":"pJqUBGV3Bp93Xe2j+jM8XAOHdYu0KTnYB1DV/9X00gI="},{"iteration":4023,"seed":"dqtTgr9ZAQTwEJsnjK1kKA/5w6i13E96WVAxhsI6n+Q="},{"iteration":4025,"seed":"zifNnFgXauvcyu0v26fUaqj2hdZjNBbE7dr6jEz9b3U="},{"iteration":4027,"seed":"xkK4/Bt8zglYqXWp6HCFk5irmSh2boYeLKwX/CpPuPk="},{"iteration":4029,"seed":"wraiEB+SZM051i/5hRA4bd6XdDrFYoicjPXsYzGVu8Q="},{"iteration":4031,"seed":"Xx8CEubo/uVPeTLQgIpmNgF9kx7FDWi5mqrGyoDOX6w="},{"iteration":4033,"seed":"jKVanWdgVCtIJ6mZdqyzE1+EL64ulwdVUoHCFkOCueA="},{"iteration":4035,"seed":"afRZ6o0U+HUGC/e63vnvnHNvaz5OaCMmbPmnSA5CQX4="},{"iteration":4037,"seed":"jB/76iUXvivudyxlhTVnX/myB9aFLNI2gI3A9Jxkc48="},{"iteration":4039,"seed":"ieupXckXU8OrqmpJ2xMclTWGNLP5phi7BLibhaMtJzs="},{"iteration":4041,"seed":"ZBpSRbqo8i4rqEliALyDBIDCS2E56bcNsCukseiY5R8="},{"iteration":4043,"seed":"7td5OJ9zXOp3X+ZbM7O5UzKmiQ8ZcD9OCGlvwWmfrNQ="},{"iteration":4045,"seed":"EQISIGQXYzTyU2adt6Ip0nB8swEzZZBEXuX5C17qqYk="},{"iteration":4047,"seed":"zp/Ani+TO5UpTDFY33UjZAj8O6r+EeLtzcXuc2wLTbk="},{"iteration":4049,"seed":"/nPNPdmcBvpeHgjZDGDzwu3j36zGeZKQlcpJrqiv3cY="},{"iteration":4051,"seed":"j8biTqPYVXeyx6B0HzURQq5O3lD++QPcNTHGtt3/vH0="},{"iteration":4053,"seed":"s1+j1CJkupQvVhWGsotQiUirAMH3wpG6jsBj4uQKCTw="},{"iteration":4055,"seed":"qeKtWlXSAzDiFCp69QRk5YS7UKg9VQcaTCcGRnEF8vc="},{"iteration":4057,"seed":"Jubezh+ta2nRS6h6f5K9m9DeHhGalI+w3d02xO5c8hM="},{"iteration":4059,"seed":"S4EuOPPZw71uJjrbOjyv+hy8yVhFoTx52lN+vwaO+ZQ="},{"iteration":4061,"seed":"hRXlXrYBg6RYE50nwGH/UQlAQ04LrKABAcnpXKAGiOo="},{"iteration":4063,"seed":"JgFCVsxBL1TzSNRoVHYL/TwMPyoGVHOpY7aUWFRKphY="},{"iteration":4065,"seed":"djHhhvDhx73a9AHh1/ARMV2sc6+CKRnQgRMBNsSTQD8="},{"iteration":4067,"seed":"jWV6r7JlfzZYYyezf6eisuwE+Ms0yZiDJZFcVXnrsjM="},{"iteration":4069,"seed":"7boRkxcb4iZO+14KncFUkaJpN8+lJqqBnin8rt5duCY="},{"iteration":4071,"seed":"7K7BY9mCLU0x71hqUB+qrGNvdtu4OpBdHK0lSiiMm5w="},{"iteration":4073,"seed":"xr6Ma0MBLRYWoo0Ku7zd0gZef2aVDbIuiVE28x37ZsM="},{"iteration":4075,"seed":"AJ5UmWq0Kd8csGYTDGd3lnRmwzaFGob6DZqQwZYf4jM="},{"iteration":4077,"seed":"bRaEK+Xktu93Zq0CVUtvQx9mhgKHvyVXCBBQjFfLO3s="},{"iteration":4079,"seed":"+Z0+OxNcGc/8/LL/AvKCuZsBUuVYPEeo1KLe+gQavno="},{"iteration":4081,"seed":"fefuv411Vict+0plVahAXz3ouU4ktOMqpHEaetEsT78="},{"iteration":4083,"seed":"bHCoE+vt/bo7z5g3GJ/t6Jcqk/i12hT3PdXipYMIQuY="},{"iteration":4085,"seed":"2HhD+9w/e2O11ZDm6eHHiKBnb5VgvhBSJz8Jn/wz5jM="},{"iteration":4087,"seed":"ggq7RDiqYKsq+ApUQRdzvuo2w7InSy5mhQJKR+1r6c0="},{"iteration":4089,"seed":"wJqdWVuyoKdncM0o7BDDLhsz5PUygPqn1wP742LCxec="},{"iteration":4091,"seed":"Djmp/LQr11Eii8NMRpjbWaTewct5f0HqVQ5RtbvaicQ="},{"iteration":4093,"seed":"I6jRgXJxM6hkiDx+gPdqxPUXocdQRjQJg2wAKAYYZ2g="},{"iteration":4095,"seed":"U49+THRAu/EMAWGe/rInXXN2v9e0mgf+k06zxXH3ZCo="},{"iteration":4097,"seed":"hlDGlrjb1TTJl3k11i356/ceSG9vjlUQ3dG0bXIYu4I="},{"iteration":4099,"seed":"7NZLgdzoUFsHUP2n43fTNalbSIADOVAVHWIdZqUC7gA="},{"iteration":4101,"seed":"/S2iY7HZo+rPOPFkEMgeUiyML/GPBuw3wVo+IVwr13M="},{"iteration":4103,"seed":"q2//T6LEwnEgwlrFMummOEjY3/g75UrHKlaxBDJSPLM="},{"iteration":4105,"seed":"W9u05F0Irzcq4iy1FqB50iAdTyRSgeP9taYvVmWPHug="},{"iteration":4107,"seed":"2jjRqDeR8uePQpI9zrnWUdsyW/0y3pE5B79ug+Nelns="},{"iteration":4109,"seed":"BoFUOWX1cLsw1LF6hFFdj9h59oLgR8ysHvaXx6+IiOo="},{"iteration":4111,"seed":"qM/Z0NHbPm0XAFu80vUX+8HJoOBD7z/T5OzGc6q4sXU="},{"iteration":4113,"seed":"dmo0LonSBhD8+1uZZOaPh/Th/MtF0nvH1yXVd1HEpfU="},{"iteration":4115,"seed":"vaJTQ11R0lO9mMY4uG5l4idorvXmC0RXuAz42f6dqkk="},{"iteration":4117,"seed":"s3ILIzzp5RJ7wsgIWlwIGk5OjSEP/+1w32SmvjqOWsg="},{"iteration":4119,"seed":"+dZ5QZ1L1KsayrKpQl0Cgsr5CyunC+fmchmGs9rSvNk="},{"iteration":4121,"seed":"gA2WleyIUz8aKTVWLJ0uVg5u4ADV6nQsXB7/L4Maoas="},{"iteration":4123,"seed":"xjL8GRVm3bCffwY/AvOsDYW5uxfD8ZlitxmV24Ecn08="},{"iteration":4125,"seed":"DYHEzGZxx6xryUwdyNU/Eq0sMN0Rkp6JEGT95wgVFWo="},{"iteration":4127,"seed":"VnrUTFT4E1bU9HdKwAYwmSlhfSo7DOZDqje81h2q+vI="},{"iteration":4129,"seed":"qCw8ynbgufRLsFlsrpgQ9/ZgII8oR9eN7i/jIXqpIL0="},{"iteration":4131,"seed":"/hAwBdYcXt72BG0g56YTcXLF/lM1QoCV/BsF0tV89eQ="},{"iteration":4133,"seed":"ZFAvJ/swwhVRWyPP+IXFvGErczgCzqjMSAnVrtNkFMw="},{"iteration":4135,"seed":"ImYVhHklkNv24EHhtFfGMxq3IUSaXzc1naaTW7nwW6U="},{"iteration":4137,"seed":"BWEN6JIUAxit8M/FbLawr7RlieX8wmaWZb0bKFQQbhk="},{"iteration":4139,"seed":"jG3/FlCOkxSQSCfcCWbVcVLgFPoYrTukdXVEz2MKse0="},{"iteration":4141,"seed":"eseQJjmJasB0kxcQIzFw//eYC0YB0I6fw0hAColXTyQ="},{"iteration":4143,"seed":"tLLBHO5npt62DCYsWDDGTCn9lrNR8fw+IGrsdC9u35Q="},{"iteration":4145,"seed":"HK2Fy7OmMF+xkBfh8+crIOVMOmVhPTCw+YhzT5wXlmk="},{"iteration":4147,"seed":"7+XPdYX65wClnpWSRyC0JKTDWB+BWphaE/eTO1Bw1Po="},{"iteration":4149,"seed":"f1H26MsjZMHU/0DI+pjOu97fC9TbI/6833bUihRmK8Q="},{"iteration":4151,"seed":"XQWx36tlSXxV51YeAygJ8mQHzaaXb6ketwecM1RZa/Y="},{"iteration":4153,"seed":"d1HFG82i5RW9TOVwpsJ5REnmmmlPXbPqRT/U0KyFN3c="},{"iteration":4155,"seed":"XR8Yidw2KteJtteD9Jb7GghLMHwfFXk34K9F96jsM5g="},{"iteration":4157,"seed":"lKPsrs/luBw2Dl4BpAREz2KzQc8H+p1kCRP7Z+miN3w="},{"iteration":4159,"seed":"E/W95qXAsb11wX0JPo1cCKlDTYfqDVL1NBgB35OfbwY="},{"iteration":4161,"seed":"qAryKKRbZxWMjLy+gee0SW5wUcvX64042jRn1bRa0eM="},{"iteration":4163,"seed":"UNo3CbhwugWKMtiVQ8kcEHvvpsZ2Pshbh8SM4dD+r64="},{"iteration":4165,"seed":"dpDUkJdENIeoCgehWcIhOKoqrG+o5GDASA6VygetoL0="},{"iteration":4167,"seed":"+OKZ1cw5UESTT1IhFrNLFjkY4xnEz+RnsS2Aw2e6mD4="},{"iteration":4169,"seed":"34QLV16B5HVWJtQHIv3FrUxpocNTsVzU7Z6sx878mmM="},{"iteration":4171,"seed":"ZCm/HGwkxuQUvHrYPNQ5Ipy86FEHL4HAv+XCZhO5paA="},{"iteration":4173,"seed":"1xblJxO1JDKgb98g02k5oze5Sn/tu/W74L6fLaHtY1c="},{"iteration":4175,"seed":"ISXy2V+Q1yfCKc3bK/mlIjuxoKErazc454/HbrkY4HM="},{"iteration":4177,"seed":"A7MQ6uRo6aoXI2NYC1SQRaslk5hm41IvjgFXFvUsfqg="},{"iteration":4179,"seed":"ARY4mrBWH5FkAY0yNeLZeWp0SHYGuCJdCsQ8Eb5EKqg="},{"iteration":4181,"seed":"ReimIXs+RI+/KAtS+TwsDEyVckQVRSs1+yZA+QqvmTg="},{"iteration":4183,"seed":"LNy4sOb87kAcqzraCwxrIrXj/J831xlQZ/KMz4qVQQg="},{"iteration":4185,"seed":"JtxAKyRn6sBrrlbkwAfrEklQVOtsJNWV3eIn8PBdj1M="},{"iteration":4187,"seed":"NwAf+6UWmP0ckYhNJWMM2FgYSRnV2dIxEcmXLCj58gw="},{"iteration":4189,"seed":"jEvALn4S0en6F1kQXqgLNAZOJXczWYm4LTvrv0axGE8="},{"iteration":4191,"seed":"FtR4Chv6vl6ZQI+0OcyaCRwVric0WUiwRhfaPkZIapE="},{"iteration":4193,"seed":"jfqdUNrdZz07OuBMfQGYy44Be/1uHT1T+9JSNWb4Peo="},{"iteration":4195,"seed":"Sps5ibAvWHaJKFxAPVHXyTAPxq/XICbn7xNSLi4pTVg="},{"iteration":4197,"seed":"Fqq1R3N2NL2BC9CK1UlB1a/fnbvV3Yq3MHaDz5YC5AU="},{"iteration":4199,"seed":"Dp614rPeJgrOBZoJZcOkSPvjJ4U9J3iRQBhrLEFXbqU="},{"iteration":4201,"seed":"d56m/W/ucW6cmHVm6u6NCWas3bNOF7By7Vukuub0IZM="},{"iteration":4203,"seed":"Cx/5iU9JBoXa/LQeE6zZXmIAQv+62a7s9n955Q/XbXc="},{"iteration":4205,"seed":"A/Dnb2EWhG2yQzpV//OmCQ/6YmH//4OMUAQY28NYqj0="},{"iteration":4207,"seed":"anglfZLm6ltR4NaYWhWKlKIp+jXn5hOEnNRoCdIAygc="},{"iteration":4209,"seed":"0jruJ3CM6/qH2m+bBhozFcFF3bglb2RexYGe+CzU8dY="},{"iteration":4211,"seed":"z+Gr7ezAz0O6HeKY+aaIrIgc2FA7zj0nXKfbS5mBv6s="},{"iteration":4213,"seed":"JyTqBS/jGB2P78RqHVOy4B/UJTsnGSMzrZNMLbeD1xQ="},{"iteration":4215,"seed":"Tme6n2GbHlat2CEobIOhlo/ZiDRADLHQA+vmq95gQIk="},{"iteration":4217,"seed":"25P9M8QIjR3POUjBVE6he9egNOyERF5zgIE0dotE4Cc="},{"iteration":4219,"seed":"qCpAMAORgs5Qb1f3YXTqktKEH5T2S6e1v7+oGgH8uxk="},{"iteration":4221,"seed":"LhFOh2LmDGl82kVR9wRmfZZVwG/2FLSzZeSESruM3E4="},{"iteration":4223,"seed":"E/Is4JlcItPCrYWa8wbhkzpzyG5fOQuhBseGHnoqJYU="},{"iteration":4225,"seed":"VuTkKzhjP3n5Wz/9ljWleKY3fXfOqLEp1izARd+YYUY="},{"iteration":4227,"seed":"GZq91I33CKdmSvUb7a04zyE64KxfAFQNWhnFvBzRUSM="},{"iteration":4229,"seed":"8MT7r6w+qaSYT+ZFUXdDCUfZYXdWEiwtYEqskFVcT14="},{"iteration":4231,"seed":"xnAmhZN0n1LtrEkHKgkbsVc8RDqW1mM3JrCwnFxHg/Q="},{"iteration":4233,"seed":"ALFXwqDoZ2acJiqRvGb2kLYZrmc5xELQMqNh3qb1FZI="},{"iteration":4235,"seed":"pnF3qJZIsfETxAY7fq7rHcGyCaydm8ISMljDD4AOcv4="},{"iteration":4237,"seed":"nNJbeND9NXEMRBPRhPkQk2v4ngHxFBScXg0EalEkJS8="},{"iteration":4239,"seed":"5XPuVccpOq8RpFHbm7CEYND/Je+dcpCtbLTSb6m3IDE="},{"iteration":4241,"seed":"pgJ7FyIw/B4XCX01/b+2f8GZ+bRG56PWaiVqT6v7808="},{"iteration":4243,"seed":"bkFs1hqzGeKNt/G65HfNIPd9KogTC4xSVejIqGVj6Og="},{"iteration":4245,"seed":"8+9S9KBrRxuMrumV7djObRqVrV6o3Yh/ektqsNApB9o="},{"iteration":4247,"seed":"xXdC8PUTF6JtUofO1T9hYyHQgp6QxmLfADgCCBpYiEc="},{"iteration":4249,"seed":"NY5j7p6NmhPxAz3eTwtD2w+ym3ORJWBFrI6mbhwet44="},{"iteration":4251,"seed":"ocJ3XbXn3PB/T7GXgpBlmfyPffh+T+QdTZk3zVJcyAw="},{"iteration":4253,"seed":"sSLoaKEY7jCVUfa9xBWOfLWo/qYtW2hvZDm949VLG+k="},{"iteration":4255,"seed":"dmpyZeMefu7XdN+sF75ten4UeXURZlcXa1OeaeDBAgE="},{"iteration":4257,"seed":"UCf82PQLo3sKSBSgXe9LzlKeeB5Xn6jA7Z2NRwgEBdo="},{"iteration":4259,"seed":"B4fDYXKPchPvBZRFLA71A9H8DYagBRCX+t2WB6MmShI="},{"iteration":4261,"seed":"VaBaiAn5lBjA21cufLw/jmtJ5XR/EUlpGXhuaSZBh8M="},{"iteration":4263,"seed":"+OApPopBAVwKzIYtVHpGLTu3BWS7Ze9SNCxtW6g4Tas="},{"iteration":4265,"seed":"26ixvsbhEJjb6dfv87zOKMTuPApGzbD/UG4Xn5cCJqU="},{"iteration":4267,"seed":"k2Ou87OFI/REFIxQT4LsJbfZAtDzl+nfI/zW7Mn4AYI="},{"iteration":4269,"seed":"9b04ND+NCBniJVtSG53iAu8BH50KPeNi2w7KH4hiRoc="},{"iteration":4271,"seed":"u3xADcNfq8XmZfG5e5qG53CqihofNEYcfPsMDzq8MpA="},{"iteration":4273,"seed":"x+HVd8dDXntVOsJ47t2MKWhXz1TsLPif/v1Bq7lgP7M="},{"iteration":4275,"seed":"zMafgfS1IEZrJtFPt/FQk5PrKI2a+Dy2rt5B6gO7Yco="},{"iteration":4277,"seed":"AoMv9fCFGvmgwE/o3Q7RiqHr+/Ej8Ory3iWzwuSFVAU="},{"iteration":4279,"seed":"UJV/JxdILxFA1I78RlBYg9BgDvbHZIumf7Ne7OQeGbI="},{"iteration":4281,"seed":"UewWewx8Am4owaVCvc+h7fuocvp/4m3V//CfX1tzBbc="},{"iteration":4283,"seed":"WnSTd1WANLbIE5qaxKq66TfPo1eFaWSy1jPL2FMNzzw="},{"iteration":4285,"seed":"p0BXy6El1fWQVUUCLq6HtDDljcK0JUerTrhKmEFeUac="},{"iteration":4287,"seed":"LnlB5mgM2irIe2FNP1ttHhOxTo3m92PiUT4bQUp0S0Q="},{"iteration":4289,"seed":"Tg4KS49DhLGQqBT9fTR9Px/gYIXeWa/3pIte2rJu7sI="},{"iteration":4291,"seed":"Pm1Gv+8zGATmbh+Bz3CMNZ6KkHjyjth55cGlh2c39M4="},{"iteration":4293,"seed":"215sAQ6TxW5+ulF6dyHrU8dcNmc+j6ZC8ih9Dy4FLOU="},{"iteration":4295,"seed":"lGX3T89QUguwmpWtU4BxsBOJ8MocMbBrrhbdAhtXctU="},{"iteration":4297,"seed":"DXvrmEqGgpu5XOFxv4uff+OcqyJhEMGa+pK7chDXN68="},{"iteration":4299,"seed":"7rotgZnJjomG7e2+Tuc8ASF79cezkCCZaW1/SN/acJg="},{"iteration":4301,"seed":"1bHNdyt0c8mBVFYMVc1WyFh5D3kudZr+0p3BxBYFI4Q="},{"iteration":4303,"seed":"EnCdPpZqQ+4hG/G7zNCCjzF3WdpPHXwoTLmG1zpcYV8="},{"iteration":4305,"seed":"tp78xkASIbrLzdzJm6b6nQq7rL5Vm9g1GDr/1Js4K48="},{"iteration":4307,"seed":"cDLJxv5nGm+ggDg3If9gB2SyNG/zjcPcuXrXwBSZqaA="},{"iteration":4309,"seed":"S2rkUM3p1yG1B3SamCRRkmMTZWr1mDYV7H0pnjh8c68="},{"iteration":4311,"seed":"ixQ6+W48Cr8zibbR+t7iP2tQXDk6wq0QG/FG7lW/aUw="},{"iteration":4313,"seed":"PNzLY9a1fqVt+EyfNNI41x3s15h8jZPn4hoOhAJP+dg="},{"iteration":4315,"seed":"y/7qEt1HbASuavOAtXtbB2y0Uo3foIqiqEzse3Cl0t0="},{"iteration":4317,"seed":"/fIBwXzlIuO0B8k6jCHgZ02K8/CqagwdrGZcFOcrRTs="},{"iteration":4319,"seed":"XaokGnVq0u5EdzW6lo/U99aGzaDA31BhlxOS4Obp/Fw="},{"iteration":4321,"seed":"/MDWB/jQ2aCn6DTVTHDzTuOwthC5TqSEgY/H0mLE5nE="},{"iteration":4323,"seed":"6r4lZ6mXHmMCOgS4oj7vSmRUEWIBcTDQNlF4t+tGFYw="},{"iteration":4325,"seed":"iVkptVSwqaGcmCVIVr9sQQROUx1xaTrePKMMjPyByoU="},{"iteration":4327,"seed":"QuDIcg26UZKzYjhoDbj7hj2CXom4cvRLqjdxYmojiDI="},{"iteration":4329,"seed":"joHGC3bXKptbcHDoEirNsKwXzsvQ9pxsg7Mh6oWfloE="},{"iteration":4331,"seed":"YqFRuo5Q70V3Ra9PD2yg9+GFdWYeW6qWQ2nO6UmijZw="},{"iteration":4333,"seed":"fbM7CB2ICYGkj5r073EmwR/Q8cnPfvZz+jf8OD4e2Cs="},{"iteration":4335,"seed":"o67wT0t/8WGb3eCEBVWHJV8emfIJZEnjwfwagY0xbSg="},{"iteration":4337,"seed":"/b6pFThF5BaEmGor4t8EGflhj936gLWvXMHHyVCl1n4="},{"iteration":4339,"seed":"VK+rv8wjC7qKRjj77aIt70Iw83kfBPC+b26Ma9fnmI8="},{"iteration":4341,"seed":"g/kpZDTfpMkcXEqBk+RBH/+OeJuBaGvCcR+I/41KQps="},{"iteration":4343,"seed":"5CrTXzoyIMCFVrdP1DqS48sIom5FbuuxjELP3kCy5yQ="},{"iteration":4345,"seed":"MD+BwBdSQJ1XfTEJDwm7lIQYWqLgnEEmxJDt0MyHIV4="},{"iteration":4347,"seed":"whvVE2uU4GxG9qbzRdEB621yU4LR9KS3Ownl1/BZIpY="},{"iteration":4349,"seed":"1+00NHUuesvFVEhg1TF/U6QsB0pPYvLPxH/WXCvq9qY="},{"iteration":4351,"seed":"W2T24kLhRyNIUbZPg+VFh/pTlZKZkygJ6xuvUuL/01s="},{"iteration":4353,"seed":"v+Fieh7hRU9PV5J3cRHvJiUrAtultDnczwlMRt7U5lI="},{"iteration":4355,"seed":"9yNi+zdlkiof2J1L166Ykl+25/IMgi4u+FDMc2h23vU="},{"iteration":4357,"seed":"yzPYIqEiehoWz/fVzS3Cogvr9zQdwFPYLMz0BJgC5oc="},{"iteration":4359,"seed":"b3GkT375i/vRNo8EoVKwqRtFfbkNBxBVthGMHUeSl1E="},{"iteration":4361,"seed":"hmgArVZBnblkbAY6EN1H0DKPmCuPF9eUny7g2Cvoz3E="},{"iteration":4363,"seed":"HzZZ3eacnrfFgLJ5RxGXlMKKKuTahm0ixIhqwWmeeUg="},{"iteration":4365,"seed":"EjxnXdE0OD3m2q3VOIKOubNOtLn478cRxyM5o13sNGA="},{"iteration":4367,"seed":"nULB3OLhRQ5l0H03A6h4JgB469teTF9B2XvGzkcOV4c="},{"iteration":4369,"seed":"XPo8jWzP6DQAQRQJetojZfcOir0JZ+aPQLwk0apXJxI="},{"iteration":4371,"seed":"gOojuFOgnCBaji78uCTkwIBOlwEBrlvloPgrozZklZs="},{"iteration":4373,"seed":"bNXPGQKo0Pf1DQb133xzJ6v8DOdlruKR7X9qNBktqTY="},{"iteration":4375,"seed":"dwxkAhHKcx4oUy57dhlSXx6PyiPqLZBSxWOPlilvXtQ="},{"iteration":4377,"seed":"TseEvII3g1Pz0cVZa7Msg9xtOdvy/BLdvCgPZ6Q5aP4="},{"iteration":4379,"seed":"bVaviCq7nFdhbpblKcB3E2Cq8xBH/F5yXrJC1lrEDPw="},{"iteration":4381,"seed":"LlBezM76AbCqC/xPAgVPu1kKoHicDlBJnKpBLKHRYTI="},{"iteration":4383,"seed":"JJ1JdeV8itdDYizh+6qkqNwU8RiwOoKpuLlA2vmn9Lw="},{"iteration":4385,"seed":"C3s8W48cXH5MZl+vLzHWVRXdzQ64MDRK4E14bV4536U="},{"iteration":4387,"seed":"12wLdTN0uyDxc3xoAdZps4ViatIzfRAXup/ujHizas0="},{"iteration":4389,"seed":"7vwWj/HsqUATNPawhSvqEXmMQT9BuQJJNvfTLnIZmX0="},{"iteration":4391,"seed":"i0kc1pZZ+L8kTq2Ksb+f7J6ZGuyRI0jfGNbVbutkaEk="},{"iteration":4393,"seed":"RZPbFyWSuLb9uVNhwmOTQLxH3HxjJpO22tnD+YOSQtU="},{"iteration":4395,"seed":"A19IiJ1IHx1PBhGl8BMOKd5Vhf7YexI1S4y0UMHNpoo="},{"iteration":4397,"seed":"j4UIXFAujE/eSY4uo8AjSUtVabMZ6L9Am+B0WoP/sxw="},{"iteration":4399,"seed":"6T/9l3gf+BQkiDFOW1fHY4ZncVJAan43D0VejsySyAM="},{"iteration":4401,"seed":"WZhWxg2+w33/Qm1Rw+KpuXb3e64uN3LL+JemogBX3y8="},{"iteration":4403,"seed":"szBRN3M6VPxKtnR4y3APgASrGMcQ3NNEepdZgQ6eFww="},{"iteration":4405,"seed":"zSO97I+NqF0NEeh/PAIiTGKgB3e/NgkviyuQAmK0cbw="},{"iteration":4407,"seed":"R6mmzPLdM1JlU4hV9DdhXTJmgpyzT5Lum3o/EDt9lSw="},{"iteration":4409,"seed":"A9NFqukUAfM5hde0AxKqSsS6mRa2Z7Q+hvPxAw2TBkg="},{"iteration":4411,"seed":"WZBkQrtwtWYWwO7SLKU264SYYXWEFaCy1vZvpxjQtqk="},{"iteration":4413,"seed":"FryagDH5iySRfBwIiJ3k3MuSxNkHgHZUfFZUgm+ejq8="},{"iteration":4415,"seed":"OwKufvqwXlUy8B/KKwnxPyznHRzyfBplTmwq4tOhxYM="},{"iteration":4417,"seed":"FMHaDOPrNUC8YcsdK6JlAYZhbwmgMCl3SF3nvm37nFk="},{"iteration":4419,"seed":"GRt8fkaIw2hpZJGRf6i/MZtLapVJY66+xcGqx9uY11A="},{"iteration":4421,"seed":"B7IeHmpmT1yD0y6lSE4ZnRgYDLOD9aU01Kom6VMqXAM="},{"iteration":4423,"seed":"41nHMWidviV1PF9cQaiMG0AVakMWX34f7Pjz/qBj7n4="},{"iteration":4425,"seed":"klR1nA515ooJiFTw5Az/iHwSCFTeKkBWNPrc8JEKocY="},{"iteration":4427,"seed":"PQJ2VCL8JdOfjEZRRpITMD2D+eFgXEHs1KiU0g0+tDA="},{"iteration":4429,"seed":"DcT797EcRsGGY/oQsTm3zLiRL3hAq0DV6AKeKhipNVw="},{"iteration":4431,"seed":"eJRPxo/w54h9gJJPlL+ug7BDJMZ08nsjp0HV6+dV1+w="},{"iteration":4433,"seed":"noXWxDk6jq+AdXycqljvN40c/rH/B3UmCly2+c6fqnE="},{"iteration":4435,"seed":"9cnKNIztKGouWOMwoXZonI0+WtynZZBW4kQCuOAs2xs="},{"iteration":4437,"seed":"JSHxeCQvNlE8q3weeL88NXr4UonjH7nlk/P5XzufneQ="},{"iteration":4438,"seed":"VUj315rYkDxEWT8Eg7JIaX+VJyZTFHeAGKSc3z4ksCE="},{"iteration":4439,"seed":"/TZaLNpmzhH090OfaVfPySA87hoPIzxk/t7fCY+Vg3M="},{"iteration":4441,"seed":"M6pyFKOcaQlFSn/yIMj3Aa2L5VlgpjWdqePSHLoS3iU="},{"iteration":4443,"seed":"O5RZD6jv8sATv3KbKee2hDaAxercRm6LbbgYqO0f+mc="},{"iteration":4444,"seed":"LdGtGfpnCsKU1vmph4JQ9nJ+o8OkN1ksWlwauVtTqKI="},{"iteration":4445,"seed":"LnsZ83sPGlRAQ1Yz1zKGBtqrkM+MIVFC2QuCmXywrhA="},{"iteration":4447,"seed":"YzRIMIEQQh19wrbWBBLYkoMsNcp5b4wF9JfdV0m0eAA="},{"iteration":4449,"seed":"ssYwzxYbXWXecmq3iUAmH0oEfGWyZYd8sJeFK7lGx1A="},{"iteration":4451,"seed":"6npo8pO+QQsaXy7MIhndj2JfI+jAOO0mjV6XxUy7VIo="},{"iteration":4453,"seed":"tiRrbv5JODwaSWLnAcLrWPb2G2MDYQziWHqqn/B1AEk="},{"iteration":4455,"seed":"uhpRvM4zIMN74BoFPXKYjCnLIxN31GyhGmbctnOYaCw="},{"iteration":4457,"seed":"TSz7Ezcy7GMBRN57iEKTPPssoBflfMMyU2fPONFXX50="},{"iteration":4459,"seed":"bUamkveE2YKAjqLCNOzm5+IKozOfqPJOGXGuv4ueCdY="},{"iteration":4461,"seed":"jphiRtUM6Mpt2+dRdXU+8KTB3+4imlEPzLF+Ng/0cE0="},{"iteration":4463,"seed":"TJH58cN23yq9Vi+eJVp9q6FctoICI9UJKyGfidM4UCs="},{"iteration":4465,"seed":"wxjejwQilKDLuYdpwydoLbks0Ujx7ukOrd5CLucYhDo="},{"iteration":4467,"seed":"btD7fnvlTEM2EfAzXx3z61vm9VtWwy8BOEsz85+jJ+0="},{"iteration":4469,"seed":"UaSycduyokpX8F7ctJjfkVjTciV0cKrab5uAGzCj3lk="},{"iteration":4471,"seed":"z088ZjWaFV422dS2W7KvaNvQ1sU93BjLLCKGg+UtCOE="},{"iteration":4473,"seed":"/WLobOzq2x4VSB62nFVf54YIEgX/7NS1TvHiIt/ATvU="},{"iteration":4475,"seed":"VwPrniYVze2oIhweFItZVuuEa9TO9DzKZU1ODCH149w="},{"iteration":4477,"seed":"VSA+CKkYWCBU+nLluQwEzjitprzeUBpcQt+2lLkfr5g="},{"iteration":4479,"seed":"jGq0Ds7IYJXwHHXFVvTfmdyufHN398CU8g1cBpplRMU="},{"iteration":4481,"seed":"1Ntr2DpTUXCXI77+kbdVvubn6q/yLWHCPWrhgHaOAGY="},{"iteration":4483,"seed":"sBUMrOpBlmQWJzuceG7xMRCvK416z+Hpaff6o+xqrhk="},{"iteration":4485,"seed":"7WpLrXfD9k/ov3sHA+QtMwP/DuUylMKFlBTcy507THk="},{"iteration":4487,"seed":"5DRJsg4MP+PAmunoem8+a9caSXc1rdQ0drbTOKLvxkI="},{"iteration":4489,"seed":"z+MnnAY5kYTExlM65spi00hoIXYMydkLmGdcd9s3vBg="},{"iteration":4491,"seed":"0z4pEIqIzRNDKExjkLUCwnqZoSAp8Sp1Wvw6S65Ie08="},{"iteration":4493,"seed":"2YYgsTQ1MKWWW8DYNizueXsdzRR1Z4CUKOOns8prNeQ="},{"iteration":4495,"seed":"i5WeeC8CpQMEHuUQvGxmahrxNzKTgIP5UjNxL+BXivs="},{"iteration":4496,"seed":"VRoQ8yD5hgFHlWNBjt6gPXSyZSMCcISTwEZRlI28RT8="},{"iteration":4497,"seed":"2J3PfrBAha175XDWKSFW3+2+j1ti95Z8RzyVyutT/Pw="},{"iteration":4499,"seed":"WwiHzQ0RDHGOwl60WACSWxb9ItYUDIM0NTjZcoyQlKc="},{"iteration":4501,"seed":"JDS04gRtjicgfpDIIrmwF6xiWP+HpmgY2Waazzh71zs="},{"iteration":4503,"seed":"rojggs7Yv1HEcp0ioVeVJTZ2+ZX+QIf+uKfQC4p32qU="},{"iteration":4505,"seed":"Bc3l3iGWnxe9tZosYcbGBMQjiAfMmBT91qBBASxM59c="},{"iteration":4507,"seed":"f81MsOkB7y3o5hrQ8i5i5ddNd3wALTTDylvb0B9gRFY="},{"iteration":4509,"seed":"2g3FVwPxRLU2zm0AwyBLtu7Zpsn43/zC095zuJ96Mbg="},{"iteration":4511,"seed":"VYNScAH7C9xKkB+EdalLRDV2zOL17/7dLqXbT+FWRqc="},{"iteration":4513,"seed":"yFTnG8UzRCNYclQslkIH1v/5Unlx2uBu5JD3i5Z6fAk="},{"iteration":4515,"seed":"vY0NBRUAhiGnml9CvLxyUUtiusrZNSatMJoAMFcnik4="},{"iteration":4517,"seed":"RyjmXELQA5Sj39OFOPhAjdd57crEljg6EqPdido5Nk8="},{"iteration":4519,"seed":"2+kKkI0CiH9z6OqizvSk45+zv42wTLRrEvmjXYJjY7U="},{"iteration":4521,"seed":"VHlGxKY1XdnfQlEoBzViHPFOtAlzsU/oWVuDGNbiQb4="},{"iteration":4523,"seed":"HOFa9V8ZnGw+9DbTc9ZaR2uzUkkBzG4dcSeknq/zoWM="},{"iteration":4525,"seed":"+6Y4TXKy8/xVErZI8EKLhd2D7u61XThzf1U28kHt+m8="},{"iteration":4527,"seed":"7szjTthDV5xwC1qsfiwYUmug71ZRDm8uVWftNJnz8a4="},{"iteration":4529,"seed":"tasuDyWEWIJgPWPX4RKP+NCsE8bSE6JHTaJInTxXozE="},{},{},{},{},{},{},{},{},{},{},{},{},{},{},{},{},{},{},{},{},{},{},{},{},{},{},{},{},{},{},{},{},{},{},{},{},{},{},{},{},{},{},{},{},{},{},{},{},{},{},{},{},{},{},{},{},{},{},{},{},{},{},{},{},{},{},{},{},{},{},{},{},{},{},{},{},{},{},{},{},{},{},{},{},{},{},{},{},{},{},{},{},{},{},{},{},{},{},{},{},{},{},{},{},{},{},{},{},{},{},{},{},{},{},{},{},{},{},{},{},{},{},{},{},{},{},{},{},{},{},{},{},{},{},{},{},{},{},{},{},{},{},{},{},{},{},{},{},{},{},{},{},{},{},{},{},{},{},{},{},{},{},{},{},{},{},{},{},{},{},{},{},{},{},{},{},{},{},{}]},{"senderKeyId":733915423,"senderChainKey":{"iteration":3789,"seed":"Hh3WErMoa+Z478jpmjzw9oArASutdZCq3OjNI6tuhm4="},"senderSigningKey":{"public":"BUGGwV1QBfnvamoLdZXfPVFOCs5cfpfeJRP7Xc3TCEg4"},"senderMessageKeys":[]},{"senderKeyId":733915423,"senderChainKey":{"iteration":3797,"seed":"aPzQD9jUiVzpxbIVUPxa1SinFM7d/Rb0/u/k6pEUV6s="},"senderSigningKey":{"public":"BUGGwV1QBfnvamoLdZXfPVFOCs5cfpfeJRP7Xc3TCEg4"},"senderMessageKeys":[]},{"senderKeyId":733915423,"senderChainKey":{"iteration":3801,"seed":"lxQslW4Mo/LvjG2Z5sCj8s/O/442H6194ltE0G30W/c="},"senderSigningKey":{"public":"BUGGwV1QBfnvamoLdZXfPVFOCs5cfpfeJRP7Xc3TCEg4"},"senderMessageKeys":[]},{"senderKeyId":733915423,"senderChainKey":{"iteration":3825,"seed":"D1yLQbDR+EYOlWqDiyY4OvpH1CBs1otDIDeKTZY91XQ="},"senderSigningKey":{"public":"BUGGwV1QBfnvamoLdZXfPVFOCs5cfpfeJRP7Xc3TCEg4"},"senderMessageKeys":[]}]