{"_sessions":{"BQzkkuHENFzsDmxA94bCqB0kWdKmXU9vFrN12pN3VGl5":{"registrationId":831133288,"currentRatchet":{"ephemeralKeyPair":{"pubKey":"BYCvzsShH0GWeogmDfZUK2kAlT1Fd7SDqjQeMNeQVwkA","privKey":"qBDex1gjGz4OYvgoDVdghV/4lpthVfe+C7SUZQvw51Y="},"lastRemoteEphemeralKey":"BbENuZI0WGbMWTCRKLW/C6qLtp0SjKNdxdtfwQuiUFVn","previousCounter":0,"rootKey":"LEVJD8vR8sghuyVbX+FccenhbB+WxW6M0sSPId+lREc="},"indexInfo":{"baseKey":"BQzkkuHENFzsDmxA94bCqB0kWdKmXU9vFrN12pN3VGl5","baseKeyType":1,"closed":-1,"used":1738579422561,"created":1738579422561,"remoteIdentityKey":"BSoARc9pJUPyqYxKGirIH47ky7URKsnJM/2r7Rf2NhtB"},"_chains":{"BYCvzsShH0GWeogmDfZUK2kAlT1Fd7SDqjQeMNeQVwkA":{"chainKey":{"counter":0,"key":"+PIC/jsZCrHLf+iTMYA+eAFoXGBTDFSr7SIwjRhHE6M="},"chainType":1,"messageKeys":{}}},"pendingPreKey":{"signedKeyId":10,"baseKey":"BQzkkuHENFzsDmxA94bCqB0kWdKmXU9vFrN12pN3VGl5","preKeyId":9841025}}},"version":"v1"}