{"_sessions":{"BUFdZkDMA6ToLHqr+xnkEY/pRu0DXttfv8Nhfp3dHXow":{"registrationId":562167027,"currentRatchet":{"ephemeralKeyPair":{"pubKey":"BTKDLrqJ5FbgtOjgnrfjx6tNCxWS/LRaRg9E1neXcPYy","privKey":"sLq0kujM3U5RWn+I6yI/Bkn0TpAnRwagTXSLTHYyxXo="},"lastRemoteEphemeralKey":"BSadQTYaVb6jLjNCearMS1XBgZEAOfUOMWaB7CumKXxE","previousCounter":0,"rootKey":"vLcSd/+VlqFzOK3Iaz0sob5fxunfZAJC0Y3grKoRvPU="},"indexInfo":{"baseKey":"BUFdZkDMA6ToLHqr+xnkEY/pRu0DXttfv8Nhfp3dHXow","baseKeyType":1,"closed":-1,"used":1738579422694,"created":1738579422694,"remoteIdentityKey":"BWyd3Rb4LqxgxM2peCUuDwa/03H4Fq0kC8TiH/Qev+RY"},"_chains":{"BTKDLrqJ5FbgtOjgnrfjx6tNCxWS/LRaRg9E1neXcPYy":{"chainKey":{"counter":0,"key":"JeTuXf0QlT2agR8PxfxZFq0Mx0VcKKAyZQKPPDvP2kM="},"chainType":1,"messageKeys":{}}},"pendingPreKey":{"signedKeyId":9370140,"baseKey":"BUFdZkDMA6ToLHqr+xnkEY/pRu0DXttfv8Nhfp3dHXow","preKeyId":4302}}},"version":"v1"}