{"_sessions":{"BUf0QGoLEOdxVJ4R+ISh+H3z8zkgLyHK8rMQTXZwgfJt":{"registrationId":2091920917,"currentRatchet":{"ephemeralKeyPair":{"pubKey":"BZt3Ux3+80ruHqHkYF6zUcFNywofamfrdh9Jmitn1phv","privKey":"QFD6Uvj2ql8ZPlPK5kRAJmJINXbbAP635jWvaBcWhHQ="},"lastRemoteEphemeralKey":"BQ8ynWpapcA/FeV2kSbleyEf5cp+awerLelAyqvlOcFM","previousCounter":0,"rootKey":"mMs9AzZleF0R0icTQsZlM3KHFUiKX8YufFRC4tqf+Zg="},"indexInfo":{"baseKey":"BUf0QGoLEOdxVJ4R+ISh+H3z8zkgLyHK8rMQTXZwgfJt","baseKeyType":2,"closed":-1,"used":1739195739938,"created":1738450461492,"remoteIdentityKey":"BX+9Rm987RxXp/pSnyKjysLxkf84V2/GhSOmUkvDc8RN"},"_chains":{"BZGlm26viXWKj7nEV1EpNa9exoCKRs9Bq+A2eOB35zZW":{"chainKey":{"counter":0},"chainType":2,"messageKeys":{}},"BbsanfwHWT+91NmYXKSKgoAlZyXb8xLKNHSe1f6HG7NZ":{"chainKey":{"counter":0},"chainType":2,"messageKeys":{}},"BdkEAoLCg3c8yfBXvXC6/lsLxE1S7DQMQf1U4omtiK0z":{"chainKey":{"counter":0},"chainType":2,"messageKeys":{}},"BasJIASCpzVNNAQZx1tdUtwjLhff/HaCRIPT2VsH/k8h":{"chainKey":{"counter":1},"chainType":2,"messageKeys":{}},"Bd8RGjYuNHfpe/Oe207M/0GHEZ0P1U3qiGcbDqRL09Yd":{"chainKey":{"counter":2},"chainType":2,"messageKeys":{}},"BTAJF74dmnkmNwvMS5v6vmS1yCJJCk2Da80w06YXKpgh":{"chainKey":{"counter":4},"chainType":2,"messageKeys":{}},"BcdO+TAIOot4PkNOTncH3Gk5kd72TLpCgzV/KJGkiUlE":{"chainKey":{"counter":0},"chainType":2,"messageKeys":{}},"BWGdJ5Ib4hDcHaACgwF4MT3CJDCeuYEPaCo/2YKJLUYo":{"chainKey":{"counter":0},"chainType":2,"messageKeys":{}},"BVn3leUo2GCGPj4tJQ7AwAdaTytGUnwPzaVbwKZ/P9p6":{"chainKey":{"counter":0},"chainType":2,"messageKeys":{}},"BeOsAxggd/Mzz5qyN12qmb4kDE7dhxKQQjfR8Ml58tR4":{"chainKey":{"counter":0},"chainType":2,"messageKeys":{}},"BScb+KDETbiP418FG7S0FKz9Y4/6GCGsfbQhaUT8VScE":{"chainKey":{"counter":0},"chainType":2,"messageKeys":{}},"Bdo998B8pyI6w6oXPm52jz8Se+hQV3OeWUkJ/e1HRJ1T":{"chainKey":{"counter":3},"chainType":2,"messageKeys":{"1":"anygj49H6392ivkmKvUN9eFUJpxnKMRQVP5Ow3oNcv0=","2":"dbvYxnszrOJokQbqKfZhRVGiph0cwpebud0scSPD3zM="}},"BXwCR+E6/cJuM1STL6tj1Oz5rBOU6cJY2Y2ApX8pY7sT":{"chainKey":{"counter":5},"chainType":2,"messageKeys":{}},"BVmJah/B0/d4kBBIRHS2WbTmueqOLAIRPmXDQZY0UqUl":{"chainKey":{"counter":0},"chainType":2,"messageKeys":{}},"BQ8ynWpapcA/FeV2kSbleyEf5cp+awerLelAyqvlOcFM":{"chainKey":{"counter":7,"key":"FJoyAQijD4Wh7Vqgll6uTql8M5uL7a7tA6fw5b1v9dI="},"chainType":2,"messageKeys":{"4":"mXKSBHS88hHOBAF9XHKLfAo9XR8DIfNbMhR8aQaW0aA="}},"BZt3Ux3+80ruHqHkYF6zUcFNywofamfrdh9Jmitn1phv":{"chainKey":{"counter":-1,"key":"DUaSCTmNjRzfQFZcBq57Lfef95MXH9c3iLLYy3QG1eY="},"chainType":1,"messageKeys":{}}}}},"version":"v1"}