{"_sessions":{"BbyG7hpSGlH8eQlqeP9uyqt2haFIigAjkx1D2tjQKWkC":{"registrationId":221392855,"currentRatchet":{"ephemeralKeyPair":{"pubKey":"Bf+1oy+qBtGafT73WeOPLKFEy3clkAQ9cvraEqOz/zhu","privKey":"0FxY71R7cWyVep3wey41X8jLqjOZnUY+VniGfFzXcFs="},"lastRemoteEphemeralKey":"BWVS9qai3eBKNspCF34Q1ciGEU6ODOoPqGO2AeGtfH1w","previousCounter":0,"rootKey":"pqVZDt791f7iIeDIjvGpld+qlwLoPWktx//M+bwPNt8="},"indexInfo":{"baseKey":"BbyG7hpSGlH8eQlqeP9uyqt2haFIigAjkx1D2tjQKWkC","baseKeyType":1,"closed":-1,"used":1738579422627,"created":1738579422627,"remoteIdentityKey":"BaXxunGtSvFpV4U5KkiBo+Zi+R6jHm1hAWPMScF7nykP"},"_chains":{"Bf+1oy+qBtGafT73WeOPLKFEy3clkAQ9cvraEqOz/zhu":{"chainKey":{"counter":0,"key":"oRQ4dh+uFO/yBLKojy+Mswf7IINX0+x1nniRr/MOsJg="},"chainType":1,"messageKeys":{}}},"pendingPreKey":{"signedKeyId":9,"baseKey":"BbyG7hpSGlH8eQlqeP9uyqt2haFIigAjkx1D2tjQKWkC","preKeyId":7989116}}},"version":"v1"}