{"_sessions":{"Bd2X8XjKUgK8eqyR4vBhU2glEefCKArJvlSwv+3/UjcN":{"registrationId":12256,"currentRatchet":{"ephemeralKeyPair":{"pubKey":"BW+QsmX5xDn5/UACFmbXlVVvbvjDQSHQZdPh4f83db9I","privKey":"aJ615Ce7yiOaU44fOW51HuNfpx0qU9xt6umEmnJ16lg="},"lastRemoteEphemeralKey":"BbTeCgKN7wC/O7xbFl9cah7LAWEM4d0TRTd4WbYvwgoR","previousCounter":0,"rootKey":"4T3IOVNv3qLFrANLtccCCzkjlCCj7GlYw+zCFNc+L0U="},"indexInfo":{"baseKey":"Bd2X8XjKUgK8eqyR4vBhU2glEefCKArJvlSwv+3/UjcN","baseKeyType":1,"closed":-1,"used":1738579422386,"created":1738579422386,"remoteIdentityKey":"BfDV+GBuiCFjhx1AogqMYZJcrP1vkI6bi9Ek7TRNpjd/"},"_chains":{"BW+QsmX5xDn5/UACFmbXlVVvbvjDQSHQZdPh4f83db9I":{"chainKey":{"counter":0,"key":"asmEpTEchXjZB9zzbcjuzbKEo8EeFzl5OvtmzN/IxTk="},"chainType":1,"messageKeys":{}}},"pendingPreKey":{"signedKeyId":3,"baseKey":"Bd2X8XjKUgK8eqyR4vBhU2glEefCKArJvlSwv+3/UjcN","preKeyId":537}}},"version":"v1"}