{"_sessions":{"BcexFbuXWyu804SDG/w1M//7Eecr6h/lKtxqRvtBa7co":{"registrationId":168177510,"currentRatchet":{"ephemeralKeyPair":{"pubKey":"BSbejQdsW9OgsuUxbU/m9JhPYhl89WtbjapHjn4Bf3JR","privKey":"iGFD2gv9P6OcMmzAC1Wb9rzy9PbA0lTS4wCtrEsSp3M="},"lastRemoteEphemeralKey":"BSvsIbCHRXdcQdr6IC9NuD1KCICTmz2jrGoBUPvxr7Ij","previousCounter":0,"rootKey":"+9D2UJzq+BBNhwIn0vepDkrruvg6V85FBvI8cREinuc="},"indexInfo":{"baseKey":"BcexFbuXWyu804SDG/w1M//7Eecr6h/lKtxqRvtBa7co","baseKeyType":1,"closed":-1,"used":1738579422534,"created":1738579422534,"remoteIdentityKey":"Bc5Qjh5ATcHDG9ku6wDr1PcCzngxGC/k8gVAvmz5NtVK"},"_chains":{"BSbejQdsW9OgsuUxbU/m9JhPYhl89WtbjapHjn4Bf3JR":{"chainKey":{"counter":0,"key":"vWae6a3s6kjcOzNXWcOh0D7ZsB0h0cja5RV0WY6MFkg="},"chainType":1,"messageKeys":{}}},"pendingPreKey":{"signedKeyId":7,"baseKey":"BcexFbuXWyu804SDG/w1M//7Eecr6h/lKtxqRvtBa7co","preKeyId":15760427}}},"version":"v1"}