{"_sessions":{"BXBTdUHR/5jaYlbGZOgRurwP3Dyo0i9b/IeqpL9PbjEz":{"registrationId":37,"currentRatchet":{"ephemeralKeyPair":{"pubKey":"BTbq73OzXXV9+jwAf99APolGncJOUJGCN+xUeVtb2u4g","privKey":"2HM3c1C4Pp7NYYDh8GiZNvW9ht+q7Dlkyvlh7Cs21GA="},"lastRemoteEphemeralKey":"BTAyhO5rg6nUAdGR+D8i15I3j2sJ9pZRRMyN95vyOsAI","previousCounter":0,"rootKey":"Z1h31rfxsuIGaqXtu/++z2u62YEzVjA9MDwNB4A13IU="},"indexInfo":{"baseKey":"BXBTdUHR/5jaYlbGZOgRurwP3Dyo0i9b/IeqpL9PbjEz","baseKeyType":1,"closed":-1,"used":1738934367959,"created":1738934367959,"remoteIdentityKey":"BWLta+1+pKjTWgYchESwND9952leVGtMZK9tPU7rSyZS"},"_chains":{"BTbq73OzXXV9+jwAf99APolGncJOUJGCN+xUeVtb2u4g":{"chainKey":{"counter":0,"key":"07FbU1YlpokdXQ/56lY9RHIAQPt14teng+XYkqXe8TM="},"chainType":1,"messageKeys":{}}},"pendingPreKey":{"signedKeyId":1,"baseKey":"BXBTdUHR/5jaYlbGZOgRurwP3Dyo0i9b/IeqpL9PbjEz"}}},"version":"v1"}