{"_sessions":{"BbGi+3DE2XPUTC4u8JQgSpjmRyhUztr1+J5vkDW9bqFh":{"registrationId":470485130,"currentRatchet":{"ephemeralKeyPair":{"pubKey":"BXOV6kQ6738PtFiFcrmXAgOxC3KBHB/3lbgiL94IroRS","privKey":"uFWcJced/Gw1e8m9tr/Ol5zzFLURslEDb7YrRw7d+lQ="},"lastRemoteEphemeralKey":"BcT2qzHfGSOwdR/rp/L8qrYc0HnoMSw3B1bwxhJDLIUC","previousCounter":0,"rootKey":"WRmMhyV8emcwhn1PLF6k17nTvicQW2p9no650qY6fqg="},"indexInfo":{"baseKey":"BbGi+3DE2XPUTC4u8JQgSpjmRyhUztr1+J5vkDW9bqFh","baseKeyType":1,"closed":-1,"used":1738944525919,"created":1738944525919,"remoteIdentityKey":"BbdU0u6xa++Xol2xgCB0ji0n9seOMN6QRWJ5UW8ytm1+"},"_chains":{"BXOV6kQ6738PtFiFcrmXAgOxC3KBHB/3lbgiL94IroRS":{"chainKey":{"counter":0,"key":"/uz+1Vgh5Ovbdj5ACUTmLxYBZ7DBKj1UqZhkXiEL4Fw="},"chainType":1,"messageKeys":{}}},"pendingPreKey":{"signedKeyId":11,"baseKey":"BbGi+3DE2XPUTC4u8JQgSpjmRyhUztr1+J5vkDW9bqFh","preKeyId":12153991}}},"version":"v1"}