{"_sessions":{"BVdZ96z0mcKhKIiCbrni3xy3YISfici6KVSSHJqK5AsW":{"registrationId":94658457,"currentRatchet":{"ephemeralKeyPair":{"pubKey":"BWzXAoHs75zVDyJ57TGdsnJdvH+g24xwt6QYosciCYwm","privKey":"iOtMqjxmt0fTfP1+laECYMCzroYWlTnZYJoDmVP2fGU="},"lastRemoteEphemeralKey":"BYBr6/nDr2YrtZcpjs/ASwY9fvSlGY9imQ6HQGhKHflk","previousCounter":0,"rootKey":"FomSMTuLTQZ0HVaOWKmXfioo5LMK0jnbqHkCJezHjW8="},"indexInfo":{"baseKey":"BVdZ96z0mcKhKIiCbrni3xy3YISfici6KVSSHJqK5AsW","baseKeyType":1,"closed":-1,"used":1738934367993,"created":1738934367993,"remoteIdentityKey":"Bc5vDiJGSxJLNpB0/iySE81sef0bgCOhTQ0FrVRNag03"},"_chains":{"BWzXAoHs75zVDyJ57TGdsnJdvH+g24xwt6QYosciCYwm":{"chainKey":{"counter":0,"key":"orRddsbMZRuf2oR0wLspBLzzxeegJncjjTJNmQ/MCzU="},"chainType":1,"messageKeys":{}}},"pendingPreKey":{"signedKeyId":1,"baseKey":"BVdZ96z0mcKhKIiCbrni3xy3YISfici6KVSSHJqK5AsW","preKeyId":54}}},"version":"v1"}