{"_sessions":{"BRCmymhCO3mUKAvFiF+uz+BOfn79B36XJFubdEcWYw0I":{"registrationId":14925,"currentRatchet":{"ephemeralKeyPair":{"pubKey":"BSHDJN+yXN6zkeoq6otRDZ3BnENkYOS7+Lu8H07RgiEV","privKey":"kOotbgPSAPh4NY2hEzm7zHlyXYymLEiCiKkkjn73Y3E="},"lastRemoteEphemeralKey":"BcFmTyeEzb+/r1bVf3TFGSvaaASaAmJITFaqfLLOAqMV","previousCounter":0,"rootKey":"9U7aB1Sq+MRjmFsdyZt4by1kgyj9A50YmriqVFeVydg="},"indexInfo":{"baseKey":"BRCmymhCO3mUKAvFiF+uz+BOfn79B36XJFubdEcWYw0I","baseKeyType":1,"closed":-1,"used":1738934368027,"created":1738934368027,"remoteIdentityKey":"BeffJo+AHcFUVOQx7h0oAdgPXt/Mq5YtqOb5/iveZEhd"},"_chains":{"BSHDJN+yXN6zkeoq6otRDZ3BnENkYOS7+Lu8H07RgiEV":{"chainKey":{"counter":0,"key":"NyaMrMJV6HJHOYPL4fVeQ0z3qF9goWxqiaLneIM95fw="},"chainType":1,"messageKeys":{}}},"pendingPreKey":{"signedKeyId":1,"baseKey":"BRCmymhCO3mUKAvFiF+uz+BOfn79B36XJFubdEcWYw0I"}}},"version":"v1"}