{"_sessions":{"BRIN+FA7rXgjguMtpVeQo3a2I3Ycd+IADTwRGdqx+M1g":{"registrationId":238263396,"currentRatchet":{"ephemeralKeyPair":{"pubKey":"BcFNjUNREz3jCjo2kgWzJ8OfgJKQzp59WIs557lyF7NR","privKey":"QPPUNKnyYkS2wGKfnTz3TB7vEdT3gf6B6eaeYQvYfFc="},"lastRemoteEphemeralKey":"BT+H2CNyKOLIVRldzhuLJlaWMY1JcxdSohVuphKQ1BZ3","previousCounter":0,"rootKey":"8aXQCVq0p5Rr5Qp1j7ogYK/zA5dwZw89UHH0N8FF97c="},"indexInfo":{"baseKey":"BRIN+FA7rXgjguMtpVeQo3a2I3Ycd+IADTwRGdqx+M1g","baseKeyType":1,"closed":-1,"used":1738579422656,"created":1738579422656,"remoteIdentityKey":"BcfjBg/NXIkFNuItiOkoXCN5bYbjXy9oVbLJ9BZaMudl"},"_chains":{"BcFNjUNREz3jCjo2kgWzJ8OfgJKQzp59WIs557lyF7NR":{"chainKey":{"counter":0,"key":"viwJiumzKLoeQWlLiG3Yvcf0KWT5pgo8cj5gNANgILw="},"chainType":1,"messageKeys":{}}},"pendingPreKey":{"signedKeyId":7,"baseKey":"BRIN+FA7rXgjguMtpVeQo3a2I3Ycd+IADTwRGdqx+M1g","preKeyId":4314068}}},"version":"v1"}