{"_sessions":{"BX6DxbEnH1Y9hFnhloqUk2ahHsM74TQZ91bnVr/EG/oS":{"registrationId":1757639742,"currentRatchet":{"ephemeralKeyPair":{"pubKey":"BbK0ZF/8HA2j177lCwi1scokdtvSAZLGVf/e0+Lh6XAT","privKey":"6LhBfyaZeO28VDhiyyHzU3JpvzPafCG6v3LSWzJ7ZFI="},"lastRemoteEphemeralKey":"BT85S1NJ61SDelllWYL5foSo1OFqYBe8xDUR21Z7LoBw","previousCounter":0,"rootKey":"S0RKSGl6Dd9/2nExRaoXl0dScyyMEDGV7628D/GXj+Y="},"indexInfo":{"baseKey":"BX6DxbEnH1Y9hFnhloqUk2ahHsM74TQZ91bnVr/EG/oS","baseKeyType":1,"closed":-1,"used":1738579422637,"created":1738579422637,"remoteIdentityKey":"BVIpl2yl8Wo4ZmlhFT6sMCTQnVsfx3Ao+BRU8SjXmFJ5"},"_chains":{"BbK0ZF/8HA2j177lCwi1scokdtvSAZLGVf/e0+Lh6XAT":{"chainKey":{"counter":0,"key":"SNhBiDWFMRKrLp7I8Eca4PlcVrGvoOfUaqUSuGZz6qM="},"chainType":1,"messageKeys":{}}},"pendingPreKey":{"signedKeyId":19,"baseKey":"BX6DxbEnH1Y9hFnhloqUk2ahHsM74TQZ91bnVr/EG/oS","preKeyId":10261546}}},"version":"v1"}