{"_sessions":{"BcX2LJ3eqaExF7krH3Oq6ZfgoX3TVtGeIo5oz8PjT4lP":{"registrationId":1053808559,"currentRatchet":{"ephemeralKeyPair":{"pubKey":"BWj2J08/it6widjUYEaiTUMqDW5JP2IzMRgriOs7zZ5n","privKey":"KB7MCkve7lsDKej3b5HRaeDNNzPBM6DZMIV6DsxrBXQ="},"lastRemoteEphemeralKey":"BXRdHBdQfORqzrgsWm0OdiC20KCfsB3ajlqT+oa0Mfk3","previousCounter":0,"rootKey":"uPz7g2eFF/cxefIT7LlzA7F8NzL6TdPJjemwuqHwjLk="},"indexInfo":{"baseKey":"BcX2LJ3eqaExF7krH3Oq6ZfgoX3TVtGeIo5oz8PjT4lP","baseKeyType":2,"closed":-1,"used":1738507719349,"created":1738507719349,"remoteIdentityKey":"BeMibVYV69JdnoKchvTXcVicMwoB6KM2IpZ5dY/T0JNV"},"_chains":{"BXRdHBdQfORqzrgsWm0OdiC20KCfsB3ajlqT+oa0Mfk3":{"chainKey":{"counter":10,"key":"A7trXGsMXmFQRStZF0XYgQazzkFyO9ZUIbU/MWmuIB4="},"chainType":2,"messageKeys":{"6":"hCa+XAcAmtFsyzWPm73tLbaiRuc/dMfd4vKCFej/JqA="}},"BWj2J08/it6widjUYEaiTUMqDW5JP2IzMRgriOs7zZ5n":{"chainKey":{"counter":-1,"key":"f8OzPnunp+jpYCMzvFKo3pB7OQ/Y1flzwuGOez0Jirk="},"chainType":1,"messageKeys":{}}}}},"version":"v1"}