{"_sessions":{"BQ9mdcNaNy1nySu5KDcD82JAYUHyvCYs8mGmIaW/AlF9":{"registrationId":2140657678,"currentRatchet":{"ephemeralKeyPair":{"pubKey":"BfRK9dDv/Lqo6m3HR52afG7hxkP5jk+7OQvHUTbtmsY3","privKey":"cFqphP/j1ELCpZl/cFWHHNbNSRTB+XefdLk8KFuinH8="},"lastRemoteEphemeralKey":"BcVO+F9Ke6bAT/HH7ul+eRUU1uqQ/5K5hwhj/lKAdpxC","previousCounter":0,"rootKey":"G7bxfGPx/qvZL0dJn3Y3pm3vaZpO7WfsSscUQHG4tLM="},"indexInfo":{"baseKey":"BQ9mdcNaNy1nySu5KDcD82JAYUHyvCYs8mGmIaW/AlF9","baseKeyType":1,"closed":-1,"used":1738579422524,"created":1738579422524,"remoteIdentityKey":"BZMUqptbYR60fpIf+zGXyFEtQ7nJ4gcsvN1cfF0yrnYQ"},"_chains":{"BfRK9dDv/Lqo6m3HR52afG7hxkP5jk+7OQvHUTbtmsY3":{"chainKey":{"counter":0,"key":"khihWU/w3+gSniSWzKyokXKeFA5jafOMycpPwJvoIoE="},"chainType":1,"messageKeys":{}}},"pendingPreKey":{"signedKeyId":20,"baseKey":"BQ9mdcNaNy1nySu5KDcD82JAYUHyvCYs8mGmIaW/AlF9","preKeyId":1231272}}},"version":"v1"}