{"_sessions":{"BcpYHpocZpy7BnyAbkdBON89OOoi3d530R6SqCcXUiQs":{"registrationId":283421759,"currentRatchet":{"ephemeralKeyPair":{"pubKey":"BWbFjJ4ES3wZI2IclDJ2eYrikf2GJp1GPZIqoXA+Lacf","privKey":"kIDkEUkGzMsHbmg8h3yCrdamW/DeIb5lR5gsj4HGy14="},"lastRemoteEphemeralKey":"BbJwvpe4zx8G0Xq0z2crCByWxWf5HMQvSAfoqpz9+x16","previousCounter":0,"rootKey":"wi5Qb6WxrRFJFGBdcdJMonBNfZlj4B5zZspUHiqJREo="},"indexInfo":{"baseKey":"BcpYHpocZpy7BnyAbkdBON89OOoi3d530R6SqCcXUiQs","baseKeyType":1,"closed":-1,"used":1738934368120,"created":1738934368120,"remoteIdentityKey":"BY4TSh1bTR6rEZU4MPmf6mupaTKncM7GOJ2k4qcsAfIN"},"_chains":{"BWbFjJ4ES3wZI2IclDJ2eYrikf2GJp1GPZIqoXA+Lacf":{"chainKey":{"counter":0,"key":"xpTWZGdVyc4zDDVWqR5AAmyOFsLs/w/NZIn4rmEKX8w="},"chainType":1,"messageKeys":{}}},"pendingPreKey":{"signedKeyId":4,"baseKey":"BcpYHpocZpy7BnyAbkdBON89OOoi3d530R6SqCcXUiQs","preKeyId":13241195}}},"version":"v1"}