{"_sessions":{"BZXyrzdqkV+n3XhXtQewq7laW5aKOcsDaZlsW2FkShVd":{"registrationId":1077103905,"currentRatchet":{"ephemeralKeyPair":{"pubKey":"BZE1Q8IkhH3irN3BM0382XOplzgJQhz23Pi84EJsliQ/","privKey":"6KelSvMU53AUDKj7QGbo1h5HqxCsUkareAX+ZpvndEM="},"lastRemoteEphemeralKey":"BemvKrjthqWpK96FyLe8g21DyYNVu3KiITwSDN+eWzsj","previousCounter":0,"rootKey":"BtPsF/iC+QLwbYDD8LeatoM5KNVOZ2lkNOB7jRRMXQk="},"indexInfo":{"baseKey":"BZXyrzdqkV+n3XhXtQewq7laW5aKOcsDaZlsW2FkShVd","baseKeyType":1,"closed":-1,"used":1738579422404,"created":1738579422404,"remoteIdentityKey":"BQxex2E0PA+EHIB1sA0Y4Hwgu8rAoxI6q70LNYKWc64Q"},"_chains":{"BZE1Q8IkhH3irN3BM0382XOplzgJQhz23Pi84EJsliQ/":{"chainKey":{"counter":0,"key":"4R3OyhrHIJnpQ6JNofomyqkp2srPoZ8Y1TJS3r9MdAo="},"chainType":1,"messageKeys":{}}},"pendingPreKey":{"signedKeyId":0,"baseKey":"BZXyrzdqkV+n3XhXtQewq7laW5aKOcsDaZlsW2FkShVd","preKeyId":9296131}}},"version":"v1"}