{"_sessions":{"BWRGxn/Oqg9NcUsoTJ7WCPLshexsA63HlB3QFUUJ8dJl":{"registrationId":534795511,"currentRatchet":{"ephemeralKeyPair":{"pubKey":"BefSw/1M8o/rSjZnq3XcGeHRfnFfDfJIO+DTVHXVa+sa","privKey":"uARp3TpHkdpIczUG39fimKpPoodmbv2FmxrnXD1PlHY="},"lastRemoteEphemeralKey":"BZHpgEVw1Ym0BZxh6QNK67uBXCd0552kB3TCPtBFRR4P","previousCounter":0,"rootKey":"SaqIc68zP6tiFznjEcx0isST275BsBWssNOTPs3h+iM="},"indexInfo":{"baseKey":"BWRGxn/Oqg9NcUsoTJ7WCPLshexsA63HlB3QFUUJ8dJl","baseKeyType":1,"closed":-1,"used":1738934368111,"created":1738934368111,"remoteIdentityKey":"BYUC7frJ730oLRIDhhwiMQSRSMPTjT1VeTxHZ2q1Pt03"},"_chains":{"BefSw/1M8o/rSjZnq3XcGeHRfnFfDfJIO+DTVHXVa+sa":{"chainKey":{"counter":0,"key":"jUcdaBWtJKJ6lFtkL9veLJ3FTYKjDHU6P2ndIZgZDn0="},"chainType":1,"messageKeys":{}}},"pendingPreKey":{"signedKeyId":22,"baseKey":"BWRGxn/Oqg9NcUsoTJ7WCPLshexsA63HlB3QFUUJ8dJl","preKeyId":15444334}}},"version":"v1"}