{"_sessions":{"Bee/iRhYveHAcUav9ZqmVdxU1F4onouNIo9bVh8fSmVZ":{"registrationId":786924283,"currentRatchet":{"ephemeralKeyPair":{"pubKey":"BZiZLv0y9pIGglzxamqRhcHTY2Y34JL7CrcqXJx4y8Id","privKey":"SEb/l2UOJoPDW/my0sv/B6q3O/oYXHd7hEjGf5ro52Q="},"lastRemoteEphemeralKey":"BSJx8sPy4LV+i/Qt6CTgwKHzpbyF/tYuUtrUO9AF6K5/","previousCounter":0,"rootKey":"Q0Z7Ly66UPB5fm+GWl5ZWWgEbd1Z7GWV2huRV4xbyUE="},"indexInfo":{"baseKey":"Bee/iRhYveHAcUav9ZqmVdxU1F4onouNIo9bVh8fSmVZ","baseKeyType":1,"closed":-1,"used":1738934368154,"created":1738934368154,"remoteIdentityKey":"BQ4sRg0/93pdn1bhsjvnyoS9tp89LkhumVpXkred9Eka"},"_chains":{"BZiZLv0y9pIGglzxamqRhcHTY2Y34JL7CrcqXJx4y8Id":{"chainKey":{"counter":0,"key":"ONtI58r43g3MhbM+iqBTaZdCJTzO2SrS6RCNq3tWupc="},"chainType":1,"messageKeys":{}}},"pendingPreKey":{"signedKeyId":1,"baseKey":"Bee/iRhYveHAcUav9ZqmVdxU1F4onouNIo9bVh8fSmVZ","preKeyId":11471014}}},"version":"v1"}