{"_sessions":{"BYk2FGyLpIGNPhY1nd7NnMGSXLYBcSpny8NoWELCdW9x":{"registrationId":192368733,"currentRatchet":{"ephemeralKeyPair":{"pubKey":"BXrEHna0X8Xg0iwXmtdWpPrHG7LGzWhXReco3Ri+XRN2","privKey":"kLSrpLmWPJZNNjVUbrfFaHG2JtrOA3qtV1lsxzq6HXY="},"lastRemoteEphemeralKey":"BSS31Cis3Kid7D2jxC1XQ/eKPumweNgkt6MN+cvHCYhC","previousCounter":0,"rootKey":"yv6p99PXpJgqbJ/cSPlcGQE0tcYNSg68dRRzZMK/B+M="},"indexInfo":{"baseKey":"BYk2FGyLpIGNPhY1nd7NnMGSXLYBcSpny8NoWELCdW9x","baseKeyType":1,"closed":-1,"used":1738579422497,"created":1738579422497,"remoteIdentityKey":"Bc7nptJL5zVnuPM+FP/OjAsg4CECoj7iOjXWAzJ+LZwa"},"_chains":{"BXrEHna0X8Xg0iwXmtdWpPrHG7LGzWhXReco3Ri+XRN2":{"chainKey":{"counter":0,"key":"5q0C4OuI1KfCZH6cdQhk7KJ4wVwSyzeiKUCTJH5dsh4="},"chainType":1,"messageKeys":{}}},"pendingPreKey":{"signedKeyId":17,"baseKey":"BYk2FGyLpIGNPhY1nd7NnMGSXLYBcSpny8NoWELCdW9x","preKeyId":13849956}}},"version":"v1"}