{"_sessions":{"BchxNJmIoObAcmPrO5vZVqvbGYSOiaSS7mTmFkcJSAYM":{"registrationId":1027366184,"currentRatchet":{"ephemeralKeyPair":{"pubKey":"BdqfKqej4Co3HAyfdQLnUAjymUDK47KbvRmYhkMjqc9n","privKey":"4FB34OglH4nY0cNtdQ99tgWBjCuoPB6Jt/vF3LJMpX0="},"lastRemoteEphemeralKey":"BSf2VY8BWRTd2XByEGZflxOaA9Yrd0SdJuDHcdY4qncU","previousCounter":0,"rootKey":"kKygY41aSkVEAYA62h50CEY+c80l8jlp6vnHALsUxZA="},"indexInfo":{"baseKey":"BchxNJmIoObAcmPrO5vZVqvbGYSOiaSS7mTmFkcJSAYM","baseKeyType":1,"closed":-1,"used":1738579422413,"created":1738579422413,"remoteIdentityKey":"BeVraIPynI7wHUWFO/EWjJ5AJgW9g+8oVb2nJqCqb2sp"},"_chains":{"BdqfKqej4Co3HAyfdQLnUAjymUDK47KbvRmYhkMjqc9n":{"chainKey":{"counter":0,"key":"GNc+98PMznOEr07IuqcYJPRElhZeVJf3N9zyPMpHUSw="},"chainType":1,"messageKeys":{}}},"pendingPreKey":{"signedKeyId":7,"baseKey":"BchxNJmIoObAcmPrO5vZVqvbGYSOiaSS7mTmFkcJSAYM","preKeyId":3296}}},"version":"v1"}