{"_sessions":{"BVznZYdRcT4O9C3Gh4xvjNvL6Tg+T5DhAyNHvpnGbN5k":{"registrationId":117,"currentRatchet":{"ephemeralKeyPair":{"pubKey":"BUPTtO9HrUVE+uqWnKT7vM+gG46vBVoVdYagpfWjw7IE","privKey":"UJ0NEXh/hQnF3aOo40uyscbRqDSpV2IthWY+vvUeC34="},"lastRemoteEphemeralKey":"BfeiZ05dEny8MPoDmMk9zZ1LLaHLtQp/QDBxybVj/9VT","previousCounter":0,"rootKey":"c3soxd3+g/1Ndy/oMUsa9E8Qacd91gMcVy4cEAIenV8="},"indexInfo":{"baseKey":"BVznZYdRcT4O9C3Gh4xvjNvL6Tg+T5DhAyNHvpnGbN5k","baseKeyType":2,"closed":-1,"used":1738933314983,"created":1738933314983,"remoteIdentityKey":"BXfs2vNi8a0XiaPXNfq+QHhQT1YzpwqHbXFwv6uua2Bh"},"_chains":{"BfeiZ05dEny8MPoDmMk9zZ1LLaHLtQp/QDBxybVj/9VT":{"chainKey":{"counter":0,"key":"jjLiEZi1S8n8LhIbKBB2in7dnI7PUUnDun0jEG910SM="},"chainType":2,"messageKeys":{}},"BUPTtO9HrUVE+uqWnKT7vM+gG46vBVoVdYagpfWjw7IE":{"chainKey":{"counter":0,"key":"l/Ts6Hy7BBeef26SIiieHGyfJgdjf/HLaNd5H72mKow="},"chainType":1,"messageKeys":{}}}}},"version":"v1"}