{"_sessions":{"BSZRs2/xymmMgrQvVtpda9jJp6MdwRAidZs8tQpD4Qsd":{"registrationId":304123725,"currentRatchet":{"ephemeralKeyPair":{"pubKey":"BfhfrzDcH0nM4MfKbqBRFRuU6roQlHcuOLhsr3qoGush","privKey":"oPNkulfuiZwGsOwLJrsF11GlxnaOCEK4THqk3P5gL3w="},"lastRemoteEphemeralKey":"BVtbBy7ies3lLJ+Mv+zoknaxXudNPhnhxwKscnfoBFgE","previousCounter":0,"rootKey":"ll+lGGOUPu6EjdrAI8SD4IB+yY3dmCMeztNHU9m51n0="},"indexInfo":{"baseKey":"BSZRs2/xymmMgrQvVtpda9jJp6MdwRAidZs8tQpD4Qsd","baseKeyType":1,"closed":-1,"used":1738579422605,"created":1738579422605,"remoteIdentityKey":"Ba/vfShC+WFs6bmVCDUeh0pwWHzqd8lPVn0UBivRT+47"},"_chains":{"BfhfrzDcH0nM4MfKbqBRFRuU6roQlHcuOLhsr3qoGush":{"chainKey":{"counter":0,"key":"b4tzZiVTA/YPMQwOlUz/rDCzPTz/FzM38x4+N88XR+A="},"chainType":1,"messageKeys":{}}},"pendingPreKey":{"signedKeyId":23,"baseKey":"BSZRs2/xymmMgrQvVtpda9jJp6MdwRAidZs8tQpD4Qsd","preKeyId":4053841}}},"version":"v1"}