{"_sessions":{"BZE3G+3WtTK+b8iQkw+jNlEKXmR4XKfOYdv+Njw2yq0A":{"registrationId":2142855749,"currentRatchet":{"ephemeralKeyPair":{"pubKey":"BbPLgda93G4NVElzonQJ5M3ybP/LF0AAD9cD6aRTcnYf","privKey":"cJZjiVCsrIxaD+pNhU4A6Dz/U0hYMuqHbyp2uBtjD0o="},"lastRemoteEphemeralKey":"BeMY7Hc2kOuWQwZRlGDlahs8nuU2KnHgEnlDSPS2JEdL","previousCounter":0,"rootKey":"mhdfG1w4Cl1TJCCnDDqQxMN6NhChhl1CNcBLAS9yrO0="},"indexInfo":{"baseKey":"BZE3G+3WtTK+b8iQkw+jNlEKXmR4XKfOYdv+Njw2yq0A","baseKeyType":1,"closed":-1,"used":1738579422666,"created":1738579422666,"remoteIdentityKey":"BZHm2RJVnommzsfav+3Q37sT4RiiurAfSUcg4gvDF7ME"},"_chains":{"BbPLgda93G4NVElzonQJ5M3ybP/LF0AAD9cD6aRTcnYf":{"chainKey":{"counter":0,"key":"tTIN3y8RZeqSowihrurDjK3sTgFNG8OJw9H7js1l8y0="},"chainType":1,"messageKeys":{}}},"pendingPreKey":{"signedKeyId":11,"baseKey":"BZE3G+3WtTK+b8iQkw+jNlEKXmR4XKfOYdv+Njw2yq0A","preKeyId":16061767}}},"version":"v1"}