{"_sessions":{"BavwrDSHSXHE9qPR1jQ5+FaTEQliYnzMNJ/k4uFQ3dk7":{"registrationId":1308029056,"currentRatchet":{"ephemeralKeyPair":{"pubKey":"BTNXFMdDNvIk5k4zF88UX8vQ1XoY9G8mHvUrPgRpLfJW","privKey":"MHqURY5MdP/3IT1v4ztK1fAAaIw2OgOLHDNEKWoV5GQ="},"lastRemoteEphemeralKey":"BaSfUdLpjXN1sVOrm0E+BBRQKJnfHWc8VOEkRQGv6kgU","previousCounter":0,"rootKey":"TPotEPSjWeKSuD/xxii10V23U5Pu+szD4JM4u5mb2nY="},"indexInfo":{"baseKey":"BavwrDSHSXHE9qPR1jQ5+FaTEQliYnzMNJ/k4uFQ3dk7","baseKeyType":1,"closed":-1,"used":1738934368163,"created":1738934368163,"remoteIdentityKey":"BVa0nDIJK+ttySTfyjzjcUz9+y8+YSb3D1haMNLe34IO"},"_chains":{"BTNXFMdDNvIk5k4zF88UX8vQ1XoY9G8mHvUrPgRpLfJW":{"chainKey":{"counter":0,"key":"PUeQzjU9r9cu9lIMXsD/2qb7f5JVdipXldP8eZ/o8YE="},"chainType":1,"messageKeys":{}}},"pendingPreKey":{"signedKeyId":6,"baseKey":"BavwrDSHSXHE9qPR1jQ5+FaTEQliYnzMNJ/k4uFQ3dk7","preKeyId":1050903}}},"version":"v1"}