{"_sessions":{"BcIqlqKt6EvBSXJm9SbpbnpxDlN0pQc4nXQROir7nDYP":{"registrationId":194122688,"currentRatchet":{"ephemeralKeyPair":{"pubKey":"BX6tXePMMtqQ7VTDNdLWSHH5/XTMuoojmmxhi/JHswl5","privKey":"2O3NJf9gnyknPgbg9a/IpV92m4q5Pwm+1NEzc8m+Akg="},"lastRemoteEphemeralKey":"BbWvC/q1Pkg0IIdUSAzWUF7AAI5Ioj+qahwOKWhY9WIl","previousCounter":0,"rootKey":"A6Mn4TJvxLxCrH0Z/BtSlseT8toUY2c9BW27+Z6sNK8="},"indexInfo":{"baseKey":"BcIqlqKt6EvBSXJm9SbpbnpxDlN0pQc4nXQROir7nDYP","baseKeyType":1,"closed":-1,"used":1738579422443,"created":1738579422443,"remoteIdentityKey":"BfXVehaui7FWzPLjDYJphddAmJ5GML6+Ng7LbjfaGJdj"},"_chains":{"BX6tXePMMtqQ7VTDNdLWSHH5/XTMuoojmmxhi/JHswl5":{"chainKey":{"counter":0,"key":"Yy6G0+hdnpHLcFMzMNIqiXJeg6srFsQ8qq/UK3OH/pc="},"chainType":1,"messageKeys":{}}},"pendingPreKey":{"signedKeyId":12,"baseKey":"BcIqlqKt6EvBSXJm9SbpbnpxDlN0pQc4nXQROir7nDYP","preKeyId":2515}}},"version":"v1"}