{"_sessions":{"Bem7qNW5kzZ9JW4lxWmmRL9P4I36/0q+NybvsoVGUHBA":{"registrationId":1633727616,"currentRatchet":{"ephemeralKeyPair":{"pubKey":"BfkxTZ2kMr1d8wsvXLnhHT1SGB+GX1SKARSpZy6uwyB1","privKey":"8Di2oNPHYiH82Y6yWKphq73LTSCkFpkHtx8V/EN5+nY="},"lastRemoteEphemeralKey":"BU85sbCJ6QowX5mN0p9xVO4Gs+iEbeKe/Tw363a/j9o2","previousCounter":0,"rootKey":"A2acJdGlvykBVOA7uc/icJmH7G9rbL3LDnjk0w+ONig="},"indexInfo":{"baseKey":"Bem7qNW5kzZ9JW4lxWmmRL9P4I36/0q+NybvsoVGUHBA","baseKeyType":1,"closed":-1,"used":1738934368204,"created":1738934368204,"remoteIdentityKey":"BZaCSxwe9KN+jkNAEPt5NfprJ6iZn37ODpn4QcLUclkQ"},"_chains":{"BfkxTZ2kMr1d8wsvXLnhHT1SGB+GX1SKARSpZy6uwyB1":{"chainKey":{"counter":0,"key":"8G+y8IfWq7OJf+aQX47W5fNWW7jddQDItZ8TuTEp8L4="},"chainType":1,"messageKeys":{}}},"pendingPreKey":{"signedKeyId":4,"baseKey":"Bem7qNW5kzZ9JW4lxWmmRL9P4I36/0q+NybvsoVGUHBA","preKeyId":6359578}}},"version":"v1"}