{"_sessions":{"BQYeQuOqLQ9z1DackxrCGnTrE6KFf6XZ7GJMzMeVItNz":{"registrationId":166491997,"currentRatchet":{"ephemeralKeyPair":{"pubKey":"BepHrSOVFO8FKXgNmFUPVQzGIddtoM7TfMeWSYS+iQxT","privKey":"EE43Fn5Ch5IAqt2ajDYAL6XQnfNxszvWZfUBxE7n4EE="},"lastRemoteEphemeralKey":"BUXdN19XXi+OtQ7w0rfHxoclS4FlYnLAnoGt/aX+50Rr","previousCounter":0,"rootKey":"+drb+hrzCRVnKSfJpO5Qi3eGjZJn+/40QxNxv0eXpM8="},"indexInfo":{"baseKey":"BQYeQuOqLQ9z1DackxrCGnTrE6KFf6XZ7GJMzMeVItNz","baseKeyType":2,"closed":-1,"used":1739016928526,"created":1738933140877,"remoteIdentityKey":"Bblr9vSXV7SuUZxGwV9MP15Z4HZNO53q8ePV3S9OrqRv"},"_chains":{"BcQrw8cLP5BYExUvoQaB2zX87wPSuNWVQiaUmJpO7JRV":{"chainKey":{"counter":0},"chainType":2,"messageKeys":{}},"BUXdN19XXi+OtQ7w0rfHxoclS4FlYnLAnoGt/aX+50Rr":{"chainKey":{"counter":1,"key":"bc2MxSFUlIxR69xaHapEYVNzn81O8Mb7l9wCKmuPYEc="},"chainType":2,"messageKeys":{}},"BepHrSOVFO8FKXgNmFUPVQzGIddtoM7TfMeWSYS+iQxT":{"chainKey":{"counter":-1,"key":"NFF/dt656ZD1UpPMZ485UTZGMiGevM5kFwQyjcc2zDM="},"chainType":1,"messageKeys":{}}}}},"version":"v1"}