{"_sessions":{"BeZWLV2p2PwSiedWPe/PamAryndrmSqskkcRNh0MJSJF":{"registrationId":186,"currentRatchet":{"ephemeralKeyPair":{"pubKey":"BUevjs0TuhZxPwBG5U8vdqiiM48TZOqjuVvTYVI/IKQM","privKey":"sJg5/N3SYJP5v2lt0H9abQ7VjDld9FzeNt7h7zBBBWA="},"lastRemoteEphemeralKey":"BUyy55tnBAWkDfmJauKRtyHR4rhldFXsv0zxQtE6KO4t","previousCounter":0,"rootKey":"oSXC9sjMVpfMV8kaFcHpL6Yx6D8oAVDzN6pSSfqjk3g="},"indexInfo":{"baseKey":"BeZWLV2p2PwSiedWPe/PamAryndrmSqskkcRNh0MJSJF","baseKeyType":1,"closed":-1,"used":1738934367975,"created":1738934367975,"remoteIdentityKey":"BXZfnJz1X+XfJ9jN3RONXS+s1nMIV3m3R7jA3zDPj2Yl"},"_chains":{"BUevjs0TuhZxPwBG5U8vdqiiM48TZOqjuVvTYVI/IKQM":{"chainKey":{"counter":0,"key":"UXgELmfwms8Y0N68n5ZKBJwZeZp18yOv8Ti4RVrLGuE="},"chainType":1,"messageKeys":{}}},"pendingPreKey":{"signedKeyId":1,"baseKey":"BeZWLV2p2PwSiedWPe/PamAryndrmSqskkcRNh0MJSJF"}}},"version":"v1"}