{"_sessions":{"BdkCzgr/ZS58gVcpHzZgfPBM3uEkhIM4SMbn6CiP5u84":{"registrationId":484677850,"currentRatchet":{"ephemeralKeyPair":{"pubKey":"BZ7oyfkmjQrU8aUKVlMXrwyC9Ciih+Bg5qIYU97gfMFp","privKey":"6PKF76/1GWELtcRQ+bEI0b57klUn/202kb6cq67j92I="},"lastRemoteEphemeralKey":"BWcgHPS3MIIOTGwfe3T4OpFtwCZutxW8QIRpGNoA9IMN","previousCounter":0,"rootKey":"Wr3Hk6PFO/wIcT8wVMQU5XvPieml+1B0DK6/1oxQqds="},"indexInfo":{"baseKey":"BdkCzgr/ZS58gVcpHzZgfPBM3uEkhIM4SMbn6CiP5u84","baseKeyType":1,"closed":-1,"used":1738934368093,"created":1738934368093,"remoteIdentityKey":"BRmiwaqgphfFGzR+IKEwXjruOhf2VhiFWjJbdlwdLKUo"},"_chains":{"BZ7oyfkmjQrU8aUKVlMXrwyC9Ciih+Bg5qIYU97gfMFp":{"chainKey":{"counter":0,"key":"+lfAZefwXFZq/DMPcz1nrNIlFvY5VfxH3S0yiSWt5Iw="},"chainType":1,"messageKeys":{}}},"pendingPreKey":{"signedKeyId":12150356,"baseKey":"BdkCzgr/ZS58gVcpHzZgfPBM3uEkhIM4SMbn6CiP5u84","preKeyId":4285}}},"version":"v1"}