{"_sessions":{"BSabZahNJX+k4+deNHCH1hboHSoonvNycVkaJBc9x2wO":{"registrationId":993330814,"currentRatchet":{"ephemeralKeyPair":{"pubKey":"BW0yC87LsMLm9ck6yz0yL6M4nqtfannpRlyy/IyNc58m","privKey":"6DQRaUVIUKF2rgn3XKVX0qQlMb93bFf5mTu5Qbv+dXU="},"lastRemoteEphemeralKey":"BRMXtLnz7dElUSKKfyaeXHLrp7L4USK6w5jMCaNij84k","previousCounter":0,"rootKey":"RaqVVsrx2GtqQ6tTc3LOoRuSdO+3A+UJWQ/VD1Q+qYE="},"indexInfo":{"baseKey":"BSabZahNJX+k4+deNHCH1hboHSoonvNycVkaJBc9x2wO","baseKeyType":1,"closed":-1,"used":1738579422452,"created":1738579422452,"remoteIdentityKey":"Bfv8oFHTIOu9bGz4/0rYdksx+URoIlpU27pM2tnXoF57"},"_chains":{"BW0yC87LsMLm9ck6yz0yL6M4nqtfannpRlyy/IyNc58m":{"chainKey":{"counter":0,"key":"66Q82vykU0+PnwzD5Frcl/8Ss1gYpIFl/cc2Ds3/3i4="},"chainType":1,"messageKeys":{}}},"pendingPreKey":{"signedKeyId":31,"baseKey":"BSabZahNJX+k4+deNHCH1hboHSoonvNycVkaJBc9x2wO","preKeyId":8539279}}},"version":"v1"}