{"_sessions":{"BRvzEweANZwe0KrX85KQ+sdDuvrs91409Wdm/BAC5Moc":{"registrationId":1958194745,"currentRatchet":{"ephemeralKeyPair":{"pubKey":"BZYyXtgVjLrUQ/uwsRJULdsZAv6wlJJJCmKZaKCZ2EVa","privKey":"MF+gPrKN0SwkOzY525YHy0qn7CjzoiBK/MnpgToqcHA="},"lastRemoteEphemeralKey":"BUibdXRYgB1iXLmh11E4MMSG7ksDkS7AE7t9zdW/Bw0B","previousCounter":0,"rootKey":"zf0Gb4fT+q1rtZBabhpcozyRFd4K+kmpybQu9fBCy/g="},"indexInfo":{"baseKey":"BRvzEweANZwe0KrX85KQ+sdDuvrs91409Wdm/BAC5Moc","baseKeyType":1,"closed":-1,"used":1738934368171,"created":1738934368171,"remoteIdentityKey":"BQo42tlhjLjaiaHz4Bq8s1bznRSBE3OvclFfLUanPq8c"},"_chains":{"BZYyXtgVjLrUQ/uwsRJULdsZAv6wlJJJCmKZaKCZ2EVa":{"chainKey":{"counter":0,"key":"0Mg39+wvKQaG/ebOpMEPmptUrg4OAr1qp+95WXZo16E="},"chainType":1,"messageKeys":{}}},"pendingPreKey":{"signedKeyId":8,"baseKey":"BRvzEweANZwe0KrX85KQ+sdDuvrs91409Wdm/BAC5Moc","preKeyId":16189023}}},"version":"v1"}