{"_sessions":{"BbMUw70H/TCobBckkrzWvc2eW3FDQaODmMOj5AjHWuhc":{"registrationId":2141148954,"currentRatchet":{"ephemeralKeyPair":{"pubKey":"BdanNM5kuFUS+xQGDMWrOzwoDmnZIHQYQL8zaUl0b5kP","privKey":"KAT/xGPt7W5xHPpAj7CUVwzsb6qR+LUu/+7rFMqsiXo="},"lastRemoteEphemeralKey":"BVNpOfuJW2A9kh9b2OZJIoDWel5M9b7EGqkIIC0AXzQ9","previousCounter":0,"rootKey":"GUQO78lcNDh9Y/A5ImxLVzfkaclelVDA4K+VHWAKSfQ="},"indexInfo":{"baseKey":"BbMUw70H/TCobBckkrzWvc2eW3FDQaODmMOj5AjHWuhc","baseKeyType":1,"closed":-1,"used":1738933512694,"created":1738933512694,"remoteIdentityKey":"BcTToui4IlfMygTk23uWe/WsrDXY5mUSfQFG2X0yTP9I"},"_chains":{"BdanNM5kuFUS+xQGDMWrOzwoDmnZIHQYQL8zaUl0b5kP":{"chainKey":{"counter":2,"key":"QhcfZWXaFC2pVIyZSiqUOgwpCBEGpT/WvGRVTyPZd34="},"chainType":1,"messageKeys":{}}},"pendingPreKey":{"signedKeyId":9,"baseKey":"BbMUw70H/TCobBckkrzWvc2eW3FDQaODmMOj5AjHWuhc","preKeyId":18430}}},"version":"v1"}