{"_sessions":{"BZgfgJjBeHEffdrqMAxtCJUuEbMMrU+zW4D18upgqqAe":{"registrationId":460353718,"currentRatchet":{"ephemeralKeyPair":{"pubKey":"BVvAHaOdc67e1TP28bakj0XT7VSuG2b7l1mkhNab+pVm","privKey":"OJlkUC0XwvLFQtkSJ8UXppwZoNy67tVky/HjeGmhNEE="},"lastRemoteEphemeralKey":"BUKpCTUqUKCVTuq4aqiSZddQnQmy+YWfqYDwzA6vuz8T","previousCounter":0,"rootKey":"cZtOJ1T2zt3X/qBExJvLOdqKlDcMvgnQqLSI6KGrhXI="},"indexInfo":{"baseKey":"BZgfgJjBeHEffdrqMAxtCJUuEbMMrU+zW4D18upgqqAe","baseKeyType":1,"closed":-1,"used":1738579422485,"created":1738579422485,"remoteIdentityKey":"BexPC6bbUbeGUpv2/48BV2qb+o/HsOCkQ/B+X9Mh7j99"},"_chains":{"BVvAHaOdc67e1TP28bakj0XT7VSuG2b7l1mkhNab+pVm":{"chainKey":{"counter":0,"key":"jBmTYvxf44/EQUM3wHSSrhy2KPdfNPDUG2DAdFbED2E="},"chainType":1,"messageKeys":{}}},"pendingPreKey":{"signedKeyId":17,"baseKey":"BZgfgJjBeHEffdrqMAxtCJUuEbMMrU+zW4D18upgqqAe","preKeyId":7056686}}},"version":"v1"}