{"_sessions":{"BQyNmgYIQ7QVPliPPDoTz7HhImwGdHOYIGEZE7l1BfIG":{"registrationId":880432542,"currentRatchet":{"ephemeralKeyPair":{"pubKey":"BYvhbw0wKj2omqXHM8/0qQ1oWmrdso0UVfWl6zseAr9n","privKey":"eJ+UrcoJNcU4RmtxWc+ym52kiWbLVMhQsjts9/QhpEk="},"lastRemoteEphemeralKey":"BewKI1T1hwG10X/qHShYQwHviJlcKvK4jmoxViIAyr0Y","previousCounter":0,"rootKey":"NI1zWas4u1uMYTSIFOBQT7Lk/25mEXFLEXt9jc6q1gw="},"indexInfo":{"baseKey":"BQyNmgYIQ7QVPliPPDoTz7HhImwGdHOYIGEZE7l1BfIG","baseKeyType":1,"closed":-1,"used":1738579422395,"created":1738579422395,"remoteIdentityKey":"BbOv63s0YVZw9qS92iSjhD/aheMf4ickJOlBJNHxeuEf"},"_chains":{"BYvhbw0wKj2omqXHM8/0qQ1oWmrdso0UVfWl6zseAr9n":{"chainKey":{"counter":0,"key":"YOOmctydTAU1Yo1T1Zx38sXbgQd500ClYX9/3fDbeb0="},"chainType":1,"messageKeys":{}}},"pendingPreKey":{"signedKeyId":0,"baseKey":"BQyNmgYIQ7QVPliPPDoTz7HhImwGdHOYIGEZE7l1BfIG","preKeyId":1316632}}},"version":"v1"}