{"_sessions":{"BVzmf28WgnwMqgJiwGkrNWGlMIXee0/9KMffrLZjGG9/":{"registrationId":756213644,"currentRatchet":{"ephemeralKeyPair":{"pubKey":"BeYkDB9VuenCtPd+I82+T/HbVA06te8N4HgCkJ8ICT5u","privKey":"+NghAH+hEkkDY0qgLY9bxISdfdRCa+GtuDwVQ22eiWc="},"lastRemoteEphemeralKey":"BdzjgraehhsT09LeaGmZJKtHdB3nWUee9KqTbtizq7sa","previousCounter":0,"rootKey":"blisEVtnOiD6AwLYT+WMT8dD6NrN2iaptQvmcGYtX0o="},"indexInfo":{"baseKey":"BVzmf28WgnwMqgJiwGkrNWGlMIXee0/9KMffrLZjGG9/","baseKeyType":1,"closed":-1,"used":1738934368085,"created":1738934368085,"remoteIdentityKey":"BUt1mj4lN+sD+dfYCYN5OIPh6hsaowvaH4mGPS1Wz7s9"},"_chains":{"BeYkDB9VuenCtPd+I82+T/HbVA06te8N4HgCkJ8ICT5u":{"chainKey":{"counter":0,"key":"MHgwHtbo8DjdGXTNBNpVO1bG7yD1WrgHgnX60L7C8nI="},"chainType":1,"messageKeys":{}}},"pendingPreKey":{"signedKeyId":1,"baseKey":"BVzmf28WgnwMqgJiwGkrNWGlMIXee0/9KMffrLZjGG9/","preKeyId":6601381}}},"version":"v1"}