{"_sessions":{"BTxNkjRFnszrm+8pFs/p6PvIXRNBnFX9H1nvtaZlfNof":{"registrationId":1360193968,"currentRatchet":{"ephemeralKeyPair":{"pubKey":"BdRePDrMu3o5JmVWPvFqOTG9cA/8PMxxR+Amb/vioHw5","privKey":"QFQmuxTeNcXrEmok8+RtNQKjYnPSGzASopiEI7pprFk="},"lastRemoteEphemeralKey":"BWiaTYKnrFQzDksOQIZKT8r0UCRSsptyFFxYbKBmx5w0","previousCounter":0,"rootKey":"zPNyAbgrvOwNypLzPYp+e+2r/l9gpAuzVz6Qyck97aw="},"indexInfo":{"baseKey":"BTxNkjRFnszrm+8pFs/p6PvIXRNBnFX9H1nvtaZlfNof","baseKeyType":1,"closed":-1,"used":1739016927557,"created":1738476443769,"remoteIdentityKey":"BX04BU8ySr/5HwJpbvgob1UplwjDpxyXomPS5IBq/qsm"},"_chains":{"BYVnG+7pCGVilFTTOhMsLoylEBcfk0m8UpJ+M2C8OoVo":{"chainKey":{"counter":0},"chainType":2,"messageKeys":{}},"BWiaTYKnrFQzDksOQIZKT8r0UCRSsptyFFxYbKBmx5w0":{"chainKey":{"counter":1,"key":"86qFAWY27LnPtMzM4GOQrDryi0I4QCwjHVqr7BIaKEw="},"chainType":2,"messageKeys":{}},"BdRePDrMu3o5JmVWPvFqOTG9cA/8PMxxR+Amb/vioHw5":{"chainKey":{"counter":-1,"key":"v4+oNIA4q6lUhErPg+M1LxP4grXIyGV8xH4jEb7Nirk="},"chainType":1,"messageKeys":{}}}}},"version":"v1"}