{"_sessions":{"BdJfz5gZJGFz4MefjcdEKwAN5xDq3aFaGW3jlo/Oxk4o":{"registrationId":1406636075,"currentRatchet":{"ephemeralKeyPair":{"pubKey":"BXOczkOzSVJoqm6F1FlV/i1gYhXXkXWjkwj6qYD1pLlm","privKey":"wAcpbVYY7+ojsmyC2nXMxXeGFDvlsmX06o0pATCZ13Q="},"lastRemoteEphemeralKey":"Begcl8Rt7b8snwzeO31MLBlJeRBt4awkMNcd11yN7r8T","previousCounter":0,"rootKey":"4WiG5KnNFoIBSjh5m10PaS1VyPq73rx03ShDNNXgmgo="},"indexInfo":{"baseKey":"BdJfz5gZJGFz4MefjcdEKwAN5xDq3aFaGW3jlo/Oxk4o","baseKeyType":2,"closed":-1,"used":1739033037865,"created":1738450430946,"remoteIdentityKey":"BeziUHQM7pciQk7F7f1nKXmOHr3hizn1iahzKLBzDE5K"},"_chains":{"BewkYkspA/Mo0hJ085yu2crVLNM58i68QYoOq5gnBz4f":{"chainKey":{"counter":8},"chainType":2,"messageKeys":{}},"BTI5k+f2ZUK5PWyJ1778zh/MUVRBhZ5Ukf6lWpwYJWk9":{"chainKey":{"counter":0},"chainType":2,"messageKeys":{}},"Be/1AUl3TcA9OUDCwhGPMatwqxV8LW3crY3vt16l7ggZ":{"chainKey":{"counter":0},"chainType":2,"messageKeys":{}},"Bfx498w22vc+hgQyevU6s369yurK4fvDtFkxB5VtE+Ri":{"chainKey":{"counter":2},"chainType":2,"messageKeys":{}},"BVnX14jtgCBEbnzr5fVlnxO3cLCfBvKq18ZtL46Pvccg":{"chainKey":{"counter":1},"chainType":2,"messageKeys":{}},"BccrcuC3LsAbdfN7W3JL1IjOmu+eSlXp+/E3gSYi5rZH":{"chainKey":{"counter":3},"chainType":2,"messageKeys":{}},"BT2qoYb03La7faGTFviYUL5NOIw/6xbJqH41tvlEqVtx":{"chainKey":{"counter":8},"chainType":2,"messageKeys":{}},"BV93ssAQdKPrX9KeTfQyIDL/DiYSOZNnT7SjHSMM18gL":{"chainKey":{"counter":2},"chainType":2,"messageKeys":{}},"BZHtQkqcO4j78tC3S5hXSUkc/ogbktKk+TzVROSwRUgd":{"chainKey":{"counter":1},"chainType":2,"messageKeys":{}},"Begcl8Rt7b8snwzeO31MLBlJeRBt4awkMNcd11yN7r8T":{"chainKey":{"counter":0,"key":"Q1/2LxvQ1kf1OoyKlrjZkx2w8rcptc4uHYP2ibZEIRQ="},"chainType":2,"messageKeys":{}},"BXOczkOzSVJoqm6F1FlV/i1gYhXXkXWjkwj6qYD1pLlm":{"chainKey":{"counter":0,"key":"qpfUYmVkIsdYBKIXvVEvm6RQUNLrf5vDrT1tWP15GtU="},"chainType":1,"messageKeys":{}}}}},"version":"v1"}