{"_sessions":{"BXeFU+A10vwE8WduyVbKZFsgxSXpFSf+ix0D0SwrUTtV":{"registrationId":14980,"currentRatchet":{"ephemeralKeyPair":{"pubKey":"BTmcois3hgLAlcDQkA2voEI9B8OxckSPyCQvxSnQQ4o/","privKey":"EFwV/nvq5vz4MDFxNf4olXxZbFSmFexB3/03vBdgMHo="},"lastRemoteEphemeralKey":"Bc69NOdffi3ZDC3ujULzQnpFq5w/GWmnlA/luKFTgkoR","previousCounter":0,"rootKey":"6wRDnRUvUvqM/sq5b3yGELZLS9Ebeuj2hjLXUIsemkg="},"indexInfo":{"baseKey":"BXeFU+A10vwE8WduyVbKZFsgxSXpFSf+ix0D0SwrUTtV","baseKeyType":1,"closed":-1,"used":1738579422424,"created":1738579422424,"remoteIdentityKey":"BREwgrjUNwDOjCyd+l63R0VkqDesrscUCK0lIyXTB35v"},"_chains":{"BTmcois3hgLAlcDQkA2voEI9B8OxckSPyCQvxSnQQ4o/":{"chainKey":{"counter":0,"key":"SeFXoJvsMQXxW1LoRsCt4COezOFn2WAfIsI3xQvN8xQ="},"chainType":1,"messageKeys":{}}},"pendingPreKey":{"signedKeyId":1,"baseKey":"BXeFU+A10vwE8WduyVbKZFsgxSXpFSf+ix0D0SwrUTtV","preKeyId":57}}},"version":"v1"}