{"_sessions":{"BdMf9rQOME/gHYIOoOoA+WQMxd2W7hzL9nW6mtjVid4Q":{"registrationId":186402279,"currentRatchet":{"ephemeralKeyPair":{"pubKey":"BccCIiRbXcGGarnjZkzjJBJWl4PPBfERXr2AxqXKg84S","privKey":"UBycNsTyisMwRkwPVJXKviE2RX10cLUwifzYIEMDKlo="},"lastRemoteEphemeralKey":"BTyfsoUtxPqspoTEXCTNTbu94Yzcekg2DKzVzmbNY51b","previousCounter":0,"rootKey":"/m9I1e5E+/0gIrlpiAKuL6reaaczXPDzlcK/wEgABtY="},"indexInfo":{"baseKey":"BdMf9rQOME/gHYIOoOoA+WQMxd2W7hzL9nW6mtjVid4Q","baseKeyType":1,"closed":-1,"used":1738934368128,"created":1738934368128,"remoteIdentityKey":"BZ1F2PLInKLq7qRWZEhLwjX4ScaTHbk8PUH7vaX8Qkgc"},"_chains":{"BccCIiRbXcGGarnjZkzjJBJWl4PPBfERXr2AxqXKg84S":{"chainKey":{"counter":0,"key":"iV+8FCSc1tFLWX3jJ/V+tFh4QdanNhTn+qn405SJFDY="},"chainType":1,"messageKeys":{}}},"pendingPreKey":{"signedKeyId":6,"baseKey":"BdMf9rQOME/gHYIOoOoA+WQMxd2W7hzL9nW6mtjVid4Q","preKeyId":14705126}}},"version":"v1"}