{"_sessions":{"BS32hH8/NiPXbJcGlpQDfF+gq+Znlg0nreMjNeSYwa9j":{"registrationId":989023234,"currentRatchet":{"ephemeralKeyPair":{"pubKey":"BRivIZU6CqY/pyYCOXzxClcoaMc5s2K8rLP2DBjaPPRP","privKey":"OAFHzRH6hyalN9XI0iVvJW9pzi7O57iVc92EEzTL6HM="},"lastRemoteEphemeralKey":"BeUCPWrw93pFsx6+zsgeme2tzA3LjrTFvOreL7k9kTlq","previousCounter":0,"rootKey":"TyR0aJcNHLG2BZQ5KaOtligwP/e4RkD8yuStmZBzXAs="},"indexInfo":{"baseKey":"BS32hH8/NiPXbJcGlpQDfF+gq+Znlg0nreMjNeSYwa9j","baseKeyType":1,"closed":-1,"used":1738934368068,"created":1738934368068,"remoteIdentityKey":"BWBsiKmHB0kj3nXYg0FGLpszUGKBnBTvDmM3hxJsKGk3"},"_chains":{"BRivIZU6CqY/pyYCOXzxClcoaMc5s2K8rLP2DBjaPPRP":{"chainKey":{"counter":0,"key":"1aHaFXKpN3Hs2ZYilWWBXg43Wjc5oNGnz3xoHEfpt5o="},"chainType":1,"messageKeys":{}}},"pendingPreKey":{"signedKeyId":1,"baseKey":"BS32hH8/NiPXbJcGlpQDfF+gq+Znlg0nreMjNeSYwa9j","preKeyId":12479350}}},"version":"v1"}