{"_sessions":{"BaMFz67pfaqI+dXFVGzXIhAFmhlEIj4OemRy140zv+1W":{"registrationId":1526059387,"currentRatchet":{"ephemeralKeyPair":{"pubKey":"BdGEH5moO1s4yxqqC9EkDKt+yo+gluWRJRjjEKn5QxQR","privKey":"mBU5g3sIo/Mn4RZCtnCftn0HjmXAHQh7UhKjJmFKHWw="},"lastRemoteEphemeralKey":"BXEiiUkB4BxMdjMwUhQuQC0W47PR22ch2qK4VdkZtops","previousCounter":0,"rootKey":"wjMbrGqKiPrA/LmqHDqphKnnhF38MZnRuxlOgvs2rls="},"indexInfo":{"baseKey":"BaMFz67pfaqI+dXFVGzXIhAFmhlEIj4OemRy140zv+1W","baseKeyType":1,"closed":-1,"used":1738934368213,"created":1738934368213,"remoteIdentityKey":"BbXy+2ARiPPjdYv2tSjxiUpIGz8kUdQtHaLYSd5fLpxx"},"_chains":{"BdGEH5moO1s4yxqqC9EkDKt+yo+gluWRJRjjEKn5QxQR":{"chainKey":{"counter":0,"key":"nIuI6NGX0dRLb4To2Zkm+J9WKsZyQ5ZG6dBYzAZFlz4="},"chainType":1,"messageKeys":{}}},"pendingPreKey":{"signedKeyId":4,"baseKey":"BaMFz67pfaqI+dXFVGzXIhAFmhlEIj4OemRy140zv+1W","preKeyId":9848246}}},"version":"v1"}