{"_sessions":{"BVAND+aaCf1eK3Flqq4J4CUPCKt77grCj01zwhQx07RL":{"registrationId":12333,"currentRatchet":{"ephemeralKeyPair":{"pubKey":"BVWHl9iCcOXhAUVzTyD36/zsnBUwVdVDCVYP7k+CDys5","privKey":"iJhVw38d6KrLtd204OmtZsRANW+qRDZICoxCKYs5/k8="},"lastRemoteEphemeralKey":"BYPPy4eFaUFdEn0MtZoCA+g27c3MzaSNy/48Sas4txkQ","previousCounter":0,"rootKey":"LwRbYptmHkgjCtk/HM/i+Eap4xhxqGm4E1zQWoNsysM="},"indexInfo":{"baseKey":"BVAND+aaCf1eK3Flqq4J4CUPCKt77grCj01zwhQx07RL","baseKeyType":1,"closed":-1,"used":1738934367934,"created":1738934367934,"remoteIdentityKey":"BePGq7IcGKCzASNtMDHkqSv1oML/eT+J2MPg7TRIzCJT"},"_chains":{"BVWHl9iCcOXhAUVzTyD36/zsnBUwVdVDCVYP7k+CDys5":{"chainKey":{"counter":0,"key":"R2MdjNTGTIyjBOizeDA4gKAbTGSoQm2ng1EbwLIR/k8="},"chainType":1,"messageKeys":{}}},"pendingPreKey":{"signedKeyId":1,"baseKey":"BVAND+aaCf1eK3Flqq4J4CUPCKt77grCj01zwhQx07RL","preKeyId":622}}},"version":"v1"}