{"_sessions":{"Bb8mitQjkbGb0wHMthhXAobItiMD6YUOjhpoafNplnI1":{"registrationId":669060302,"currentRatchet":{"ephemeralKeyPair":{"pubKey":"BbWGH+wrufKOKaBtrCuvgLrC08nkdtgTnEMMZm34Nckc","privKey":"kIC7lTr2xf7hC5vSo1yro2KxYMLTwGdqC8w0Olo0yn4="},"lastRemoteEphemeralKey":"BbXeHweor3m4XfWT/KewVv+k7MW1Tl8jD9w0dkDmsg9M","previousCounter":0,"rootKey":"7gJ7/TAMffx1TJoIfLREOH35G7DEdO8AhOAdTXgGh7g="},"indexInfo":{"baseKey":"Bb8mitQjkbGb0wHMthhXAobItiMD6YUOjhpoafNplnI1","baseKeyType":1,"closed":-1,"used":1738579422515,"created":1738579422515,"remoteIdentityKey":"BUWyU7CvC/o7BtCoW6kSCDlAry2bYei4W/apnqZGcswW"},"_chains":{"BbWGH+wrufKOKaBtrCuvgLrC08nkdtgTnEMMZm34Nckc":{"chainKey":{"counter":0,"key":"hUzVLrocUXGda+paAYZTlBLFgg5dLC3E6GXAOJdMRXA="},"chainType":1,"messageKeys":{}}},"pendingPreKey":{"signedKeyId":23,"baseKey":"Bb8mitQjkbGb0wHMthhXAobItiMD6YUOjhpoafNplnI1","preKeyId":13012457}}},"version":"v1"}