{"_sessions":{"BWGb14FBfhJAdG3ccJSZtAjGn8aVyw59LOn6Nx7hdjUz":{"registrationId":733323072,"currentRatchet":{"ephemeralKeyPair":{"pubKey":"BRhF3VBJGIO4V4v2siDpLlkFWSdnIG4tiqchd/WAihlP","privKey":"eKwV7PrJZujdVdC8ZN94gYk5AehKqILnv3G/LHT/zE8="},"lastRemoteEphemeralKey":"BcEwr+/C7oESce3FOylPc8gHtHZwcDZnGx8CXdJO6w8R","previousCounter":0,"rootKey":"LcJk7SG+LR+27qeyfDCsrubNAvZG/qRgxBheILY5eqw="},"indexInfo":{"baseKey":"BWGb14FBfhJAdG3ccJSZtAjGn8aVyw59LOn6Nx7hdjUz","baseKeyType":1,"closed":-1,"used":1738579422543,"created":1738579422543,"remoteIdentityKey":"BbqBCwU+xBYmm4NDsuhwZbHA08NFN6Tvb0DLq5jb/+5j"},"_chains":{"BRhF3VBJGIO4V4v2siDpLlkFWSdnIG4tiqchd/WAihlP":{"chainKey":{"counter":0,"key":"ZP7v6vTfW7hl1dfBHp+3sCuAp78bc7MxzUGGtct+kAQ="},"chainType":1,"messageKeys":{}}},"pendingPreKey":{"signedKeyId":22,"baseKey":"BWGb14FBfhJAdG3ccJSZtAjGn8aVyw59LOn6Nx7hdjUz","preKeyId":8100122}}},"version":"v1"}