{"_sessions":{"BYL7YqV6+F3CkhdHLzid3Z6Agm66t4r2GTVhIXJ0HiYe":{"registrationId":478502309,"currentRatchet":{"ephemeralKeyPair":{"pubKey":"BWx7Lx0rDyu0JzZ2XEw97tsl7x2IbISyJ0eWp5jskUMV","privKey":"+FVVs8zK3UUwf2pGNWK0hbYCcmusAqnNiQSo1KZegXE="},"lastRemoteEphemeralKey":"BSGfcbd2tIv/unJfD8RigHj4zAIXAEpLOU0Yt1915SdW","previousCounter":0,"rootKey":"TCE1/T//h2a9y7PpuUxTH2Ai2sgXLUv9g00lP4LYTPg="},"indexInfo":{"baseKey":"BYL7YqV6+F3CkhdHLzid3Z6Agm66t4r2GTVhIXJ0HiYe","baseKeyType":1,"closed":-1,"used":1738934368145,"created":1738934368145,"remoteIdentityKey":"BbqTTOtskwXwsqveWMTrVG1RRDnIdOK8Wnhlu/UGWiFu"},"_chains":{"BWx7Lx0rDyu0JzZ2XEw97tsl7x2IbISyJ0eWp5jskUMV":{"chainKey":{"counter":0,"key":"ZuQ4ikBl04oFE4bH6PlxvP4g+Bs/mWaAONqYP/PBqUY="},"chainType":1,"messageKeys":{}}},"pendingPreKey":{"signedKeyId":2,"baseKey":"BYL7YqV6+F3CkhdHLzid3Z6Agm66t4r2GTVhIXJ0HiYe","preKeyId":12449746}}},"version":"v1"}