{"_sessions":{"BRGD/o/sZpZepbstiJPdshaicjdVzhbDMiq4Xs8pLPtC":{"registrationId":32,"currentRatchet":{"ephemeralKeyPair":{"pubKey":"BQruz0cXy16Lfd0LgfUSUWS6TAFh4dJu1DoOh1ffSuxh","privKey":"EPRxchyTOkaI3qlFAcGv1t61TgDs/n7TEMaMoP/u6Ho="},"lastRemoteEphemeralKey":"BQ3vffw5TLuAa2CCq8g4cXnYjU+Pvvb14h9LKNik9VBS","previousCounter":0,"rootKey":"gEGTB9L6/aMOdkyMOzuf+8aO6Y/Sd6bhlFXzsaAZ+jA="},"indexInfo":{"baseKey":"BRGD/o/sZpZepbstiJPdshaicjdVzhbDMiq4Xs8pLPtC","baseKeyType":1,"closed":-1,"used":1738934367952,"created":1738934367952,"remoteIdentityKey":"BaKzCm75kv7ks8e5qTuoYaLHsXw7rojKP76QFQFlQl9w"},"_chains":{"BQruz0cXy16Lfd0LgfUSUWS6TAFh4dJu1DoOh1ffSuxh":{"chainKey":{"counter":0,"key":"cgY1rxCB+4BM/pDwY2nbMbDUkILvOKqW+kJvd2K7I4E="},"chainType":1,"messageKeys":{}}},"pendingPreKey":{"signedKeyId":1,"baseKey":"BRGD/o/sZpZepbstiJPdshaicjdVzhbDMiq4Xs8pLPtC"}}},"version":"v1"}