{"_sessions":{"BRmg7I9vs0ulCRqAQvGhfjODVG7pJZY0yBryyuJjXh8E":{"registrationId":2012557773,"currentRatchet":{"ephemeralKeyPair":{"pubKey":"BTQBXUNoaybMstqMBBAMOr1rXVnPhF+SYsl4j/EU/oss","privKey":"SAZS9bsJ0YpPXe46Ijv0S+cXb+1htxDGwQbeH/DPlVc="},"lastRemoteEphemeralKey":"BXgfgTGGRsSjWIfaKE6FqMNTeZzIg1WZuCzXdxtU1fNN","previousCounter":0,"rootKey":"pgbnwhPsNKrkaOuOgffPlfMWRcSQhCDugPNu8mWZva8="},"indexInfo":{"baseKey":"BRmg7I9vs0ulCRqAQvGhfjODVG7pJZY0yBryyuJjXh8E","baseKeyType":2,"closed":-1,"used":1738934081087,"created":1738934081087,"remoteIdentityKey":"BXLbb8dj4Xgvl3p8NJapiTCyKpLx1Kca/khjwUN27aZV"},"_chains":{"BXgfgTGGRsSjWIfaKE6FqMNTeZzIg1WZuCzXdxtU1fNN":{"chainKey":{"counter":2,"key":"6al3xHKwY6gcxBPM7ZuzkKu5Km4zPkeHvbDQTtLN7ME="},"chainType":2,"messageKeys":{}},"BTQBXUNoaybMstqMBBAMOr1rXVnPhF+SYsl4j/EU/oss":{"chainKey":{"counter":0,"key":"V+7KXWPIBj+0+lu+SqDwWWlYSCxNggrdUb4thpXFSk4="},"chainType":1,"messageKeys":{}}}}},"version":"v1"}