{"_sessions":{"BRMpMT4e/Y5i6fUtYYQNBdTxcS+7feaxGNb5dWQi1Rth":{"registrationId":192127567,"currentRatchet":{"ephemeralKeyPair":{"pubKey":"BR95BneQqRBNRmg7TTfmsi7Mgpe/83GY8rrYl6VZup9i","privKey":"CIdcXtb6+wEFJ43GDgxZ7Dlf64x844xIowyR55G5QXk="},"lastRemoteEphemeralKey":"BSWgziROr0ufVXLM1up9hSmEgCi9k7rRmN0mE726QpYF","previousCounter":0,"rootKey":"WjxmpEtOXYZ78W1vf8Ip8ypP4Ya3JBKU585jlDvewkA="},"indexInfo":{"baseKey":"BRMpMT4e/Y5i6fUtYYQNBdTxcS+7feaxGNb5dWQi1Rth","baseKeyType":1,"closed":-1,"used":1738934368249,"created":1738934368249,"remoteIdentityKey":"BQSaGpZufvF+PhcuDGAWHkvk/P9w9ZKHu2jy77ovwFkF"},"_chains":{"BR95BneQqRBNRmg7TTfmsi7Mgpe/83GY8rrYl6VZup9i":{"chainKey":{"counter":0,"key":"KiUEzV6BpLpJXd1L5ICvtnMCCrL1XbEePF2I9tyB1sY="},"chainType":1,"messageKeys":{}}},"pendingPreKey":{"signedKeyId":12264023,"baseKey":"BRMpMT4e/Y5i6fUtYYQNBdTxcS+7feaxGNb5dWQi1Rth","preKeyId":22071}}},"version":"v1"}