{"_sessions":{"BZb9TG7u0+ZBM5afSGlfYap+qBvHn7mKHOF2rS8nShYT":{"registrationId":241726370,"currentRatchet":{"ephemeralKeyPair":{"pubKey":"BS33neBHXne42nQ74i05uv1t0SxiYTaoy9q3DYlidcxN","privKey":"gEhuAUFbYwBpxwORXiATQ7y5563qFT9Yh7THUXdmAW4="},"lastRemoteEphemeralKey":"Bd7HivYucU2pl27OwBsFZzpJmMOViAvxDMOSynsWJfNt","previousCounter":0,"rootKey":"KF5qAPM0eccKkx6Ok36uekrtC2DRAkEWEpfj6wouNZ4="},"indexInfo":{"baseKey":"BZb9TG7u0+ZBM5afSGlfYap+qBvHn7mKHOF2rS8nShYT","baseKeyType":1,"closed":-1,"used":1738579422647,"created":1738579422647,"remoteIdentityKey":"BUGcZR/NhOOFSfg0rXm0pSFK0R4oS5aoPNqJ6OGn7wUP"},"_chains":{"BS33neBHXne42nQ74i05uv1t0SxiYTaoy9q3DYlidcxN":{"chainKey":{"counter":0,"key":"RBBNnc5onKN1waI0d4COWqol7MSp1FnR0L+L7MjY5no="},"chainType":1,"messageKeys":{}}},"pendingPreKey":{"signedKeyId":38,"baseKey":"BZb9TG7u0+ZBM5afSGlfYap+qBvHn7mKHOF2rS8nShYT","preKeyId":13191112}}},"version":"v1"}