{"_sessions":{"BWprsfcj9omfqfokF2rAP+X7PXa8KGi7eQD5fk04KUo/":{"registrationId":1789567784,"currentRatchet":{"ephemeralKeyPair":{"pubKey":"Bd4VnHtUS/ZntKKd4q4HmK3Gj+5QzEaGEU8n9U5uxhBE","privKey":"WCRa1zgM7kToYcUROTPeCCkL1H7SMu1OIa3xOMgr80g="},"lastRemoteEphemeralKey":"BV0XmTEncBrlE4wl6SZraYBiHeyKIx1IMOML3RwYn88i","previousCounter":0,"rootKey":"sR83IUUCAhAPPZ6N0YzF0M+hhroFgN7qKAUUTSe4Ns0="},"indexInfo":{"baseKey":"BWprsfcj9omfqfokF2rAP+X7PXa8KGi7eQD5fk04KUo/","baseKeyType":1,"closed":-1,"used":1738934368137,"created":1738934368137,"remoteIdentityKey":"Bc9Xillc+ZcgruFV4x87+zjzn5ArPoJTxiESuFOaG6Fm"},"_chains":{"Bd4VnHtUS/ZntKKd4q4HmK3Gj+5QzEaGEU8n9U5uxhBE":{"chainKey":{"counter":0,"key":"sy1HtYkJ2Efx6wEsW/hfC8QGuYTrPvsCh2HbvYsAjjw="},"chainType":1,"messageKeys":{}}},"pendingPreKey":{"signedKeyId":2,"baseKey":"BWprsfcj9omfqfokF2rAP+X7PXa8KGi7eQD5fk04KUo/","preKeyId":8226148}}},"version":"v1"}