{"_sessions":{"Bfqyo2/kYHLMusdXqVEqriivbvIacQfTxu/UfjO8ZRIn":{"registrationId":143829689,"currentRatchet":{"ephemeralKeyPair":{"pubKey":"BcVbvzMVnSFBepT5xDEqMB4p4Csh1Mm04U43/ChsaiU1","privKey":"uBEKavnD5ipwbiZgAcSCtb9rD2DnRB1miC0xuJBMZkY="},"lastRemoteEphemeralKey":"BTS1teoWUWE2WvH6izyT2YsS7RufUsgHqbxE7LBSTb1W","previousCounter":0,"rootKey":"ihRQOsJv34OC71CwNg7eaCibY/PyOFUhBfomFOTbhiI="},"indexInfo":{"baseKey":"Bfqyo2/kYHLMusdXqVEqriivbvIacQfTxu/UfjO8ZRIn","baseKeyType":1,"closed":-1,"used":1738934368196,"created":1738934368196,"remoteIdentityKey":"BbLvEGcozu8dumOlLW24WBjxFap1nB0OW1e6iLa9Mutf"},"_chains":{"BcVbvzMVnSFBepT5xDEqMB4p4Csh1Mm04U43/ChsaiU1":{"chainKey":{"counter":0,"key":"nIyj2ZaxHaST1kf1oSJxNu9fSg335BMZ7q9DiS7EC8M="},"chainType":1,"messageKeys":{}}},"pendingPreKey":{"signedKeyId":1,"baseKey":"Bfqyo2/kYHLMusdXqVEqriivbvIacQfTxu/UfjO8ZRIn","preKeyId":12029860}}},"version":"v1"}