{"_sessions":{"BU67yXOT+yjoNvMbqTOF9yeQ6qZcnTxue+gMM87BgqYE":{"registrationId":1352,"currentRatchet":{"ephemeralKeyPair":{"pubKey":"BR6Jfnp0jdHM4L1ZgzToW0phGPpWtI6pYa8IYucEb0kF","privKey":"iDRMKwl+xzaX5JTEu5qQdHAimarqH+a5mk4tq1DInlU="},"lastRemoteEphemeralKey":"BZrTdW9bHDNjtPKNntVMSYvwyg3gp+xYkXSPTZr+IK0G","previousCounter":0,"rootKey":"Pm4FqRBdvW62ghkJmZ3gl2+SGS5/iYJci9OCpEQKjNU="},"indexInfo":{"baseKey":"BU67yXOT+yjoNvMbqTOF9yeQ6qZcnTxue+gMM87BgqYE","baseKeyType":1,"closed":-1,"used":1738934367968,"created":1738934367968,"remoteIdentityKey":"Bbksz2dzoPRym6lJNyEBMlgaLLmN733sYxjxUYx6aXkN"},"_chains":{"BR6Jfnp0jdHM4L1ZgzToW0phGPpWtI6pYa8IYucEb0kF":{"chainKey":{"counter":0,"key":"xzOTxPG/3x2jR+hH8ReyyQawYMhOkBs/XpCBml7wFBE="},"chainType":1,"messageKeys":{}}},"pendingPreKey":{"signedKeyId":1,"baseKey":"BU67yXOT+yjoNvMbqTOF9yeQ6qZcnTxue+gMM87BgqYE"}}},"version":"v1"}