{"_sessions":{"BdEJVqImJUVFrjdR7RxsxUhP4yQ3jBCCVM1+Crv0EiZt":{"registrationId":1878061643,"currentRatchet":{"ephemeralKeyPair":{"pubKey":"BcV4mF2OL8CFjBoKVjGZ3wxXbsv/IGx14NMwE9r3cK5r","privKey":"WGuV61gNW47ujJBH6gDH842zNUw+idkLusW2d7qvWmw="},"lastRemoteEphemeralKey":"Bdjrwjxso2LExjsK3sJdNo/nz9c2nW1PHdM+Jlx/TndM","previousCounter":0,"rootKey":"1LBlaSkr3moTzR5JUuDL22A0Rkm9CmsmA0yYN+/a7to="},"indexInfo":{"baseKey":"BdEJVqImJUVFrjdR7RxsxUhP4yQ3jBCCVM1+Crv0EiZt","baseKeyType":1,"closed":-1,"used":1738934368076,"created":1738934368076,"remoteIdentityKey":"BS3Rsc7Jbd45s1XCQwjoCY+p8PKGpcuuV9U2k7PERhBx"},"_chains":{"BcV4mF2OL8CFjBoKVjGZ3wxXbsv/IGx14NMwE9r3cK5r":{"chainKey":{"counter":0,"key":"Ah20oUdrzA0mI9LQA20D4JfxrxOQAzY2BPA2yCGpZWk="},"chainType":1,"messageKeys":{}}},"pendingPreKey":{"signedKeyId":0,"baseKey":"BdEJVqImJUVFrjdR7RxsxUhP4yQ3jBCCVM1+Crv0EiZt","preKeyId":13577124}}},"version":"v1"}