{"_sessions":{"BZLUfksH5EjCWL8OQ357t/svNiGlkfOszEVGYTUygLN/":{"registrationId":2118229021,"currentRatchet":{"ephemeralKeyPair":{"pubKey":"BXRk3mxOvns3a1ndsZyJSIluxcoyDVaSiKgFdQ/wR5Zn","privKey":"2DCBAeo/Cyp3tiGiEEwsaizcH/vrEt9sxGQWV7+QfnM="},"lastRemoteEphemeralKey":"BdVtt0OJVHo6VoOpidDEZELH+8yOWzbY7jrpNt5gPe9E","previousCounter":0,"rootKey":"4llD4SqAF6agyZHaN3hIsuiWs5AKZoB7rGg0TFLMiDE="},"indexInfo":{"baseKey":"BZLUfksH5EjCWL8OQ357t/svNiGlkfOszEVGYTUygLN/","baseKeyType":1,"closed":-1,"used":1738934368187,"created":1738934368187,"remoteIdentityKey":"BW8YHbtGvAfD+ZRCdnKHxcv8qH/eupONWiajY1hrJAR4"},"_chains":{"BXRk3mxOvns3a1ndsZyJSIluxcoyDVaSiKgFdQ/wR5Zn":{"chainKey":{"counter":0,"key":"mBGSBSor2Ey0tG437xhkPLfeRSuwHDDi6x94EowFDuA="},"chainType":1,"messageKeys":{}}},"pendingPreKey":{"signedKeyId":8,"baseKey":"BZLUfksH5EjCWL8OQ357t/svNiGlkfOszEVGYTUygLN/","preKeyId":13935889}}},"version":"v1"}