{"_sessions":{"BVHTic1xzDB/K75ngHu66JKhQs2dW3cxRjHBHMRDSupk":{"registrationId":475380936,"currentRatchet":{"ephemeralKeyPair":{"pubKey":"BTNtD+XNAEecSDUTzZOBgsxCS29US7Cln9WvlYBfeuZz","privKey":"uJP71PljQwhgUzhJ0q3oLOJTFxY8r8yvItvVm72qb2c="},"lastRemoteEphemeralKey":"BWZ3C3b3tdr0UqmGsHZxSwKXtZvMhUh2w1SqjKy80XJU","previousCounter":1,"rootKey":"oLXVKlXPmqXG/zxf6IiG33BRNm3Ke3yx0VRHmLdDPoQ="},"indexInfo":{"baseKey":"BVHTic1xzDB/K75ngHu66JKhQs2dW3cxRjHBHMRDSupk","baseKeyType":1,"closed":-1,"used":1739016886682,"created":1738501611375,"remoteIdentityKey":"BY+fgRSRGV2Qg6PHlfqPaSr+bQentLQ39bMktQsBecl5"},"_chains":{"BU0DSuOaaXmySnCBLtC9uXEPWPmJ4lqsCpLT41vqbHIS":{"chainKey":{"counter":1},"chainType":2,"messageKeys":{}},"Bf2hRafVb2zVtLqhE2Aosjp9XEGdvc5Nb9mjEvqcAMk9":{"chainKey":{"counter":0},"chainType":2,"messageKeys":{}},"BVaO6J1TZAYWhHphkqchbNGHbkQhx7kKJCiMpbIQZ38u":{"chainKey":{"counter":0},"chainType":2,"messageKeys":{}},"BWZ3C3b3tdr0UqmGsHZxSwKXtZvMhUh2w1SqjKy80XJU":{"chainKey":{"counter":2,"key":"1RmEB/iIk5bnyGnVG/Es/kvlkJr4KPPdHDtJ3mAy3Fw="},"chainType":2,"messageKeys":{}},"BTNtD+XNAEecSDUTzZOBgsxCS29US7Cln9WvlYBfeuZz":{"chainKey":{"counter":-1,"key":"t7AD/ieQ5gR92p6OgPNqCLapzmaVbpME/tNNXyUFC2k="},"chainType":1,"messageKeys":{}}}}},"version":"v1"}