{"_sessions":{"BSfdz0J8n2tRQ6JX5Q0AdFaHU2qQiwUZWS3m0oQ3r+wh":{"registrationId":492998646,"currentRatchet":{"ephemeralKeyPair":{"pubKey":"BTwgYT0twFxfqxLzDM5bjIXznljYYiYIX9i6NB5XrWsy","privKey":"4C6cIU32HThCspL2PNThoBsoJ1RFWKBWgEL3OBbdjVM="},"lastRemoteEphemeralKey":"BWoGENX04QwEIpKr24QASuK0MCEfQfGIX9yVlqQ9AMc9","previousCounter":0,"rootKey":"o8wyZNA1/dd2quBExBVCN41oiHaFv92KrhzDjKRzDM8="},"indexInfo":{"baseKey":"BSfdz0J8n2tRQ6JX5Q0AdFaHU2qQiwUZWS3m0oQ3r+wh","baseKeyType":1,"closed":-1,"used":1738934368102,"created":1738934368102,"remoteIdentityKey":"BZSQaONtF+s3GF4UOkazrCXjp+EPNDSn1yEpRHpqQ+MI"},"_chains":{"BTwgYT0twFxfqxLzDM5bjIXznljYYiYIX9i6NB5XrWsy":{"chainKey":{"counter":0,"key":"krbD9cWIJgNEosZnVmc+wrdIjSEOcaZx7BA8GRzN0cA="},"chainType":1,"messageKeys":{}}},"pendingPreKey":{"signedKeyId":2,"baseKey":"BSfdz0J8n2tRQ6JX5Q0AdFaHU2qQiwUZWS3m0oQ3r+wh","preKeyId":10808811}}},"version":"v1"}