{"_sessions":{"BYV+dyhT9VvSEOGReZshQrvixFWNG3XD48Y+9KRA9MpI":{"registrationId":1427185702,"currentRatchet":{"ephemeralKeyPair":{"pubKey":"BQZ1bA+oiG3MPpygnA9RlkXl2AZzIN4qYUXDlDzVhDQx","privKey":"4HBLlqdnZ6Cly50TpnDchJB+jWWZdY0Ymec7YjdX41Q="},"lastRemoteEphemeralKey":"BZVc/h7qzYRu1P95UQloMOKEMABOg55ORvBi8X89tP1V","previousCounter":0,"rootKey":"s9bKzwYg2ITUm+NQtfEY3J5Gw6JosHVntttmR/714mQ="},"indexInfo":{"baseKey":"BYV+dyhT9VvSEOGReZshQrvixFWNG3XD48Y+9KRA9MpI","baseKeyType":1,"closed":-1,"used":1738579422463,"created":1738579422463,"remoteIdentityKey":"BSsXURoOVYmL/wrp07kt/NcGLTWfaGJrKqXKhD1q4dlc"},"_chains":{"BQZ1bA+oiG3MPpygnA9RlkXl2AZzIN4qYUXDlDzVhDQx":{"chainKey":{"counter":0,"key":"tfmuTK0O6DZiJYV6d8dazN/0ETCYVliTH6GrGX6Uw8Y="},"chainType":1,"messageKeys":{}}},"pendingPreKey":{"signedKeyId":38,"baseKey":"BYV+dyhT9VvSEOGReZshQrvixFWNG3XD48Y+9KRA9MpI","preKeyId":9067068}}},"version":"v1"}