{"_sessions":{"BVRWl7Ck0S0NVBVl60/tY6I/mjnWyNjjlRRzrFfI1iEe":{"registrationId":252749500,"currentRatchet":{"ephemeralKeyPair":{"pubKey":"BWj7BcMC6pm8OSs07f6bAE+R7kKHYEnpNRUrX4gJU01y","privKey":"4CYYynr+AGH29OuEUFZ1Qss9PaAb0tl9dDO2QN4BmnM="},"lastRemoteEphemeralKey":"Bfr7HshbPAmNa5Y4ZRdS3OLWSVrBGfd5OMREDbPCA0pC","previousCounter":0,"rootKey":"x5XzASTWC5m+BeUZX4DtvQWhRyayNdlpFfG0FmaKcgQ="},"indexInfo":{"baseKey":"BVRWl7Ck0S0NVBVl60/tY6I/mjnWyNjjlRRzrFfI1iEe","baseKeyType":1,"closed":-1,"used":1738934368059,"created":1738934368059,"remoteIdentityKey":"BW5FKvlHjqGH6uSTCdIXQwX4UlVbCKzaa7dzMtfiWBgn"},"_chains":{"BWj7BcMC6pm8OSs07f6bAE+R7kKHYEnpNRUrX4gJU01y":{"chainKey":{"counter":0,"key":"0cCh3Xfcq8qKamSaJ2yusXOvCRAfrXVvD2o+vjwwSvw="},"chainType":1,"messageKeys":{}}},"pendingPreKey":{"signedKeyId":15,"baseKey":"BVRWl7Ck0S0NVBVl60/tY6I/mjnWyNjjlRRzrFfI1iEe","preKeyId":5966676}}},"version":"v1"}