{"_sessions":{"BZ4/8/Fz33ZuqA0BxToV631DDAlzX/K0tPJKdeuG7MBU":{"registrationId":14363,"currentRatchet":{"ephemeralKeyPair":{"pubKey":"BRKdaMDCsCpIcjdyqiQFxjUUMeTYmn6xJCPhnW/LOXk/","privKey":"aN1yPsqLNeOpUTkVUi9oG+N6HM9vlwlfRJQvxaE8vlY="},"lastRemoteEphemeralKey":"BS0XOfIOO0TVSYN1tG0ITnk0EdwRIfXCt0pxTxsHRjEV","previousCounter":0,"rootKey":"6C5EYeeS+PHEL+MHO+LrLTamx8fq+AQyp/Ir+9Be0yg="},"indexInfo":{"baseKey":"BZ4/8/Fz33ZuqA0BxToV631DDAlzX/K0tPJKdeuG7MBU","baseKeyType":1,"closed":-1,"used":1738934367984,"created":1738934367984,"remoteIdentityKey":"BTDCS6XG89wh2gX+Y8pO0wlm8T+u3Ou346IMtZwlvIJm"},"_chains":{"BRKdaMDCsCpIcjdyqiQFxjUUMeTYmn6xJCPhnW/LOXk/":{"chainKey":{"counter":0,"key":"1oZfL8NhuZHgkIn1kSFWa7tCNwjBXcp0rojx1yId39M="},"chainType":1,"messageKeys":{}}},"pendingPreKey":{"signedKeyId":1,"baseKey":"BZ4/8/Fz33ZuqA0BxToV631DDAlzX/K0tPJKdeuG7MBU","preKeyId":179}}},"version":"v1"}