{"_sessions":{"BRcF3PVwMLyjJ9WwBZPdnAaV+n6p+14ok0kkG+MWQqY5":{"registrationId":2104472943,"currentRatchet":{"ephemeralKeyPair":{"pubKey":"BYo61fPG+XzOipeYxw3cj5qyn82fSJMH18lGixPWrgNZ","privKey":"8F2BLm8+hLDS+s4VS1qyWj54hvCIQ/gA618mXljwknw="},"lastRemoteEphemeralKey":"BSOo1qFDr2ZdK3+8aBTFv6WUtpJhLEOeRkZK5HALezk4","previousCounter":0,"rootKey":"iAGKT9e6CoBKoJML6ca2J1x/Sxe0SKBF22lpdI23OY0="},"indexInfo":{"baseKey":"BRcF3PVwMLyjJ9WwBZPdnAaV+n6p+14ok0kkG+MWQqY5","baseKeyType":1,"closed":-1,"used":1738934368019,"created":1738934368019,"remoteIdentityKey":"BULUTqq9drMNMz37ETe6TQwVFZa+mll+sLM/muzmOfoH"},"_chains":{"BYo61fPG+XzOipeYxw3cj5qyn82fSJMH18lGixPWrgNZ":{"chainKey":{"counter":0,"key":"uOM8WE9U0eGRk6PTEjABPlHuGOy251zmuYX/TyYtzSQ="},"chainType":1,"messageKeys":{}}},"pendingPreKey":{"signedKeyId":1,"baseKey":"BRcF3PVwMLyjJ9WwBZPdnAaV+n6p+14ok0kkG+MWQqY5","preKeyId":2273}}},"version":"v1"}