{"_sessions":{"BaYTb1tTm8/M2fbvdfWRP3B+lm70ftn0ifbxxzwkFukA":{"registrationId":1464820061,"currentRatchet":{"ephemeralKeyPair":{"pubKey":"BceSj6aiWhHB7Y31Ei8wupgddNJ7z52f2kFkqsDsseJ+","privKey":"KA1MDErOC1Mg3GwrPxwbWiNNLpk5LgfjPBAjzMaey08="},"lastRemoteEphemeralKey":"BcTOOM/rxTSH20RzoOxkyZgcZyakcSpgYdE3RwHED+c7","previousCounter":0,"rootKey":"De89lSvF/YwveaJn7tkZSliFN5TzcxB8E98xkPSmyZ4="},"indexInfo":{"baseKey":"BaYTb1tTm8/M2fbvdfWRP3B+lm70ftn0ifbxxzwkFukA","baseKeyType":1,"closed":-1,"used":1738934368222,"created":1738934368222,"remoteIdentityKey":"BTnJ7dq7m5WNL277lrxzC3IoIe4XFXdtCsbORPVKsulw"},"_chains":{"BceSj6aiWhHB7Y31Ei8wupgddNJ7z52f2kFkqsDsseJ+":{"chainKey":{"counter":0,"key":"SothLllHYS+/WTql9FG9hc2lX4sBydg+0wukACI5w8w="},"chainType":1,"messageKeys":{}}},"pendingPreKey":{"signedKeyId":39,"baseKey":"BaYTb1tTm8/M2fbvdfWRP3B+lm70ftn0ifbxxzwkFukA","preKeyId":15924902}}},"version":"v1"}