{"_sessions":{"BQ0NOTQ/z2FR5KhoIIYLFKONN4JkOYtLII6hM8b6Kwdg":{"registrationId":860936178,"currentRatchet":{"ephemeralKeyPair":{"pubKey":"BdJsGQdnPW2Kol2m3fT3jd92CWgnCXCHQW6S4hxCrnlH","privKey":"WLRhjIxVKLKOymhlOh1RABo3N2wWFsKGRbd+oFDKRFE="},"lastRemoteEphemeralKey":"BWbwoBjL7gbUK82YTtovUT6+hg88bStZvZNC9DyiWMpv","previousCounter":0,"rootKey":"aRSmlV+bTuR+oorsvlfULOmij+ZCqRmWVSBD5AJ23ak="},"indexInfo":{"baseKey":"BQ0NOTQ/z2FR5KhoIIYLFKONN4JkOYtLII6hM8b6Kwdg","baseKeyType":1,"closed":-1,"used":1738579422375,"created":1738579422375,"remoteIdentityKey":"BXz8CVsqQbtzXz+v+utqZAkr+S22L2LyeSku31i2N0E3"},"_chains":{"BdJsGQdnPW2Kol2m3fT3jd92CWgnCXCHQW6S4hxCrnlH":{"chainKey":{"counter":0,"key":"CNK//Q04zVgESK6FkvG2lmmnVaRb3WlzGtsiFJXgYpo="},"chainType":1,"messageKeys":{}}},"pendingPreKey":{"signedKeyId":5816037,"baseKey":"BQ0NOTQ/z2FR5KhoIIYLFKONN4JkOYtLII6hM8b6Kwdg","preKeyId":73}}},"version":"v1"}