{"_sessions":{"BRqDD0fXm411sbURe4wAvI49sgrZ4L280bsN+WeMSvF7":{"registrationId":14176,"currentRatchet":{"ephemeralKeyPair":{"pubKey":"BSX2VK6WPumZNyoniZPU8yv2PXqmwjxava0boNqp6Y9F","privKey":"EEz10dwW+nT+u0YDhcpN1xw5fPS7CkPZVRwzk+Sib1k="},"lastRemoteEphemeralKey":"BQL6Ouv5C3le0iPFX8sIJZB7uzwd99VkLK0c+Ya88vBp","previousCounter":0,"rootKey":"Qnv828245IytKmN1XgZFO9DZihOt6LeDF4litskOxik="},"indexInfo":{"baseKey":"BRqDD0fXm411sbURe4wAvI49sgrZ4L280bsN+WeMSvF7","baseKeyType":1,"closed":-1,"used":1738934368036,"created":1738934368036,"remoteIdentityKey":"BYD/KDmVEDHPVCUkb9zrKuNYozNhOlQlwUvReZ719XNp"},"_chains":{"BSX2VK6WPumZNyoniZPU8yv2PXqmwjxava0boNqp6Y9F":{"chainKey":{"counter":0,"key":"P3qZpmu5JUKOJo8ZPORH8aksElq/FSP9py3YklhSTtM="},"chainType":1,"messageKeys":{}}},"pendingPreKey":{"signedKeyId":1,"baseKey":"BRqDD0fXm411sbURe4wAvI49sgrZ4L280bsN+WeMSvF7","preKeyId":3216}}},"version":"v1"}