{"_sessions":{"BUf7qJMDDdCxzJ34fHiRxKf4LL4sq7VhINtMsJ3b1k0O":{"registrationId":1731787036,"currentRatchet":{"ephemeralKeyPair":{"pubKey":"BV1zUtVfF1GJln3B8QTVLnqNO60GLaJ0IDRDwnm6hh55","privKey":"QJtmnr74GCW+5qIMhFF+kLNqZGyMopEJb5Ol1t5Fh0g="},"lastRemoteEphemeralKey":"BR4xT21k1xia5a2V/RyeMKKe9pM8YoIwZn97fVZj0d46","previousCounter":0,"rootKey":"ewNcgNO3GGW+8pHn3Ac/FS2CQemm2h4YGM5wJ8JpRas="},"indexInfo":{"baseKey":"BUf7qJMDDdCxzJ34fHiRxKf4LL4sq7VhINtMsJ3b1k0O","baseKeyType":2,"closed":-1,"used":1738934168153,"created":1738933511764,"remoteIdentityKey":"BTEVB0+sKOdRQBNnO/EVAPYTu03vwYtuPGryUCMVmVhs"},"_chains":{"BeH32UJyXoazhn5VOo4DxcwTOIn83iS7eXViWTTvbhtV":{"chainKey":{"counter":0},"chainType":2,"messageKeys":{}},"BRVXysfjeNm5ZnO3cgWnDE0quBWbs4/O35ihLwttm7sq":{"chainKey":{"counter":2},"chainType":2,"messageKeys":{}},"BR4xT21k1xia5a2V/RyeMKKe9pM8YoIwZn97fVZj0d46":{"chainKey":{"counter":8,"key":"wAWfhX+Fus4pGPx6m57f/QA++8djAStgicdpFNRe4Hc="},"chainType":2,"messageKeys":{}},"BV1zUtVfF1GJln3B8QTVLnqNO60GLaJ0IDRDwnm6hh55":{"chainKey":{"counter":0,"key":"h6+K7sSbpxZNM943N+dpgKhkF9gu2m2lkozVqZOkmc8="},"chainType":1,"messageKeys":{}}}}},"version":"v1"}