{"_sessions":{"BSKK3jYSNaYpz2C7EyCAep5CVkyW0/9elhvayGKIXFh4":{"registrationId":7646,"currentRatchet":{"ephemeralKeyPair":{"pubKey":"BUujDyiatwX+fITe9f0RAPXf9Tn3S9fHqaFlbr93bPsb","privKey":"yOt3vFCt57DTzZj1zK4BIOri+EM4HBbOgoEZRGYa3Uk="},"lastRemoteEphemeralKey":"BcDYzqfE2dFmfkfEn4d1vUv2BEu0lw/IWeW6LnQR21gy","previousCounter":0,"rootKey":"mx919+ZniGd0zzIi3bessufqTNR32cswx1Vv8zvSnoM="},"indexInfo":{"baseKey":"BSKK3jYSNaYpz2C7EyCAep5CVkyW0/9elhvayGKIXFh4","baseKeyType":1,"closed":-1,"used":1738579422434,"created":1738579422434,"remoteIdentityKey":"BVU5LI5fjaQOsdKOTbJTw/E/3RWY+IE8Qo21m8HrVJcg"},"_chains":{"BUujDyiatwX+fITe9f0RAPXf9Tn3S9fHqaFlbr93bPsb":{"chainKey":{"counter":0,"key":"Gs6qMmnfa+E6Q5kidNnhpcDVcQTHz17YLsYe1OyYPFI="},"chainType":1,"messageKeys":{}}},"pendingPreKey":{"signedKeyId":3,"baseKey":"BSKK3jYSNaYpz2C7EyCAep5CVkyW0/9elhvayGKIXFh4","preKeyId":1228}}},"version":"v1"}