{"_sessions":{"Bf+1+fuERVoEjc8rVQkfpbcZYBzsdIsLI/UtdE/aoXMK":{"registrationId":1164280454,"currentRatchet":{"ephemeralKeyPair":{"pubKey":"BfBFOMKzGNyRhTg2yzYbUP3D+bMwXd0aKDbpjJpSb80M","privKey":"QG1LhRfEo4+PLhXLhT5qIUtUOHtROLiQVNcPcb+Az2w="},"lastRemoteEphemeralKey":"BcW/N3Zidzjy/yXppZBlWnO+S03LWuyXvWRpEiaw6fcf","previousCounter":0,"rootKey":"MLfz3BJvCj4VU0jU/NjkVO8mytha2uwOTYnbGv8AOys="},"indexInfo":{"baseKey":"Bf+1+fuERVoEjc8rVQkfpbcZYBzsdIsLI/UtdE/aoXMK","baseKeyType":1,"closed":-1,"used":1738579422675,"created":1738579422675,"remoteIdentityKey":"BSo8PwWy0A1QSRDvrqO8tpgDASZDZof9C3Suqxr8vzh3"},"_chains":{"BfBFOMKzGNyRhTg2yzYbUP3D+bMwXd0aKDbpjJpSb80M":{"chainKey":{"counter":0,"key":"uKIdemRIpwJ/DrZS/J+B0/nIwgcBq+TRUsrYG44ccjE="},"chainType":1,"messageKeys":{}}},"pendingPreKey":{"signedKeyId":19,"baseKey":"Bf+1+fuERVoEjc8rVQkfpbcZYBzsdIsLI/UtdE/aoXMK","preKeyId":13925653}}},"version":"v1"}