{"_sessions":{"BRGf0Ey5o+xEUt3YJQb9WMjxnl1YuJTuIxRuqNJm4Jxl":{"registrationId":206482715,"currentRatchet":{"ephemeralKeyPair":{"pubKey":"BeROPO71UvcDmVt1xbgq3MMwhouat3DFeexCMG8rP9BM","privKey":"2Nf2n/TKHs35D//3gJtwzevF9zm4sHg+AmEJubiWC2I="},"lastRemoteEphemeralKey":"BVtf3VrDwNPwDMcHnStxAS7dcoyXpFzloKq1Zb/9rYll","previousCounter":0,"rootKey":"/Mm9q/U6aBsgs01d5XKG4Jnf3ORHWIKUfyg9bBqircQ="},"indexInfo":{"baseKey":"BRGf0Ey5o+xEUt3YJQb9WMjxnl1YuJTuIxRuqNJm4Jxl","baseKeyType":1,"closed":-1,"used":1738579422597,"created":1738579422597,"remoteIdentityKey":"BXokTLyByfCs2YO7gpTlJHP3GSlA/dqUQHAsDpQVE4UX"},"_chains":{"BeROPO71UvcDmVt1xbgq3MMwhouat3DFeexCMG8rP9BM":{"chainKey":{"counter":0,"key":"cWY136uschBYmauCFMmsn1N2FDWz+Jyt2h6zGKghTDg="},"chainType":1,"messageKeys":{}}},"pendingPreKey":{"signedKeyId":55,"baseKey":"BRGf0Ey5o+xEUt3YJQb9WMjxnl1YuJTuIxRuqNJm4Jxl","preKeyId":12477659}}},"version":"v1"}