{"_sessions":{"BTJA7Ubr/lSRdn/yi0oST8KzP3X3aspZ1Ce44EUldMhE":{"registrationId":2023726736,"currentRatchet":{"ephemeralKeyPair":{"pubKey":"Bf+yQa0JGOzauEnmuqB1FGy8cv0cnUA9F4nRi4IQLg0G","privKey":"6HjYVcLYrdnfcLqY0PmHztDkbg0ZJlLXZdPb+xftglU="},"lastRemoteEphemeralKey":"BYSKsed0B9Zeug6xHqxFSvPS0fjykh3hnfFTWW6vhGZ8","previousCounter":0,"rootKey":"wpCtMLtlapLEb8MjHlrPq5Is6jkVgGdivET16WFDk9c="},"indexInfo":{"baseKey":"BTJA7Ubr/lSRdn/yi0oST8KzP3X3aspZ1Ce44EUldMhE","baseKeyType":1,"closed":-1,"used":1738579422570,"created":1738579422570,"remoteIdentityKey":"BeNulr67FoKcODLZ3cRZZAmElXozmTJcGGnw+tp33XoV"},"_chains":{"Bf+yQa0JGOzauEnmuqB1FGy8cv0cnUA9F4nRi4IQLg0G":{"chainKey":{"counter":0,"key":"Dyn0LGTotoaRrkmTX+Fm7v7V4lVbnxCq8cT8HBNBmI8="},"chainType":1,"messageKeys":{}}},"pendingPreKey":{"signedKeyId":39,"baseKey":"BTJA7Ubr/lSRdn/yi0oST8KzP3X3aspZ1Ce44EUldMhE","preKeyId":7305606}}},"version":"v1"}