{"_sessions":{"BWfQmuHS+9oe4Jl6EqSKhAmvoFkoNSEgarAu/3wFHQFV":{"registrationId":998656745,"currentRatchet":{"ephemeralKeyPair":{"pubKey":"BWISuXbfQ4z1RVfmaqWYvIUsMbIPNUjy/6oqBtin3+4M","privKey":"yCpVOvSUwegR6f/2Fh2bobp0WolzykMWnL94nNgJCl8="},"lastRemoteEphemeralKey":"BQ2xViYyt11EvO6YnyRSSNC2EbFCfJllFPQo39uEJWNL","previousCounter":0,"rootKey":"XPLFvgMg6UcEtXH6bbeRa/XQnlDZDBnon74Cku54BMw="},"indexInfo":{"baseKey":"BWfQmuHS+9oe4Jl6EqSKhAmvoFkoNSEgarAu/3wFHQFV","baseKeyType":1,"closed":-1,"used":1738579422588,"created":1738579422588,"remoteIdentityKey":"Bfu1TxbwAsHZQCrxfRXrA+yEkinXxeUsGISejADUhOsJ"},"_chains":{"BWISuXbfQ4z1RVfmaqWYvIUsMbIPNUjy/6oqBtin3+4M":{"chainKey":{"counter":0,"key":"jTg5CZQqBHSJshh58WbCkSEFj0l6aOTHydhf/M2Qo6A="},"chainType":1,"messageKeys":{}}},"pendingPreKey":{"signedKeyId":24,"baseKey":"BWfQmuHS+9oe4Jl6EqSKhAmvoFkoNSEgarAu/3wFHQFV","preKeyId":10417390}}},"version":"v1"}