{"_sessions":{"BWIrD6N4wjZT0peJ5Mnx16jSJeZaYwnCz/fAVZNPRFUW":{"registrationId":51,"currentRatchet":{"ephemeralKeyPair":{"pubKey":"BaKTvF3XmuNlMq7V669UVFRGrD52mDumlQx0BiX1dKZ6","privKey":"uNICUWXMCROvlLvqbiJAJEj6BlBIcdWJApi3QFNkD2o="},"lastRemoteEphemeralKey":"BXAY/66dJvc6uaBRM9TiQ43AFoKVboeEywUpWcTdYssO","previousCounter":0,"rootKey":"I74LXm4gtYaFepOBlvpEmZLi40gOHkmSjP9k6uZH1ps="},"indexInfo":{"baseKey":"BWIrD6N4wjZT0peJ5Mnx16jSJeZaYwnCz/fAVZNPRFUW","baseKeyType":2,"closed":1738933332601,"used":1738933314802,"created":1738933314802,"remoteIdentityKey":"BTjDzkVaH86UuGT1cc7RUAn8mPHigvrVZOQeLF8MjkBV"},"_chains":{"BXAY/66dJvc6uaBRM9TiQ43AFoKVboeEywUpWcTdYssO":{"chainKey":{"counter":3,"key":"+oMFIlP8KTP10ukZwNAhrEDuqdBIJrmqZeqY4ux8uoc="},"chainType":2,"messageKeys":{}},"BaKTvF3XmuNlMq7V669UVFRGrD52mDumlQx0BiX1dKZ6":{"chainKey":{"counter":-1,"key":"Lk4RHa0+iVuOQd6ubYWseo/Pj8bpmuEiLvzs9e77stY="},"chainType":1,"messageKeys":{}}}},"Bfga7BCSf0XZFzUaQauJjwoxqZvKYZB0l1jMUAhEGfBy":{"registrationId":51,"currentRatchet":{"ephemeralKeyPair":{"pubKey":"BXe3rvmQFhKNwKFmKzdBUerZwhCbrbDLSyxDvBbp5lBy","privKey":"8BHoF0C+/q1sSg/hHFb67xQlO/DdUTQLfMF94DW+Dk8="},"lastRemoteEphemeralKey":"BSKaOanD4RFUz5oUI0NoZb4VISEZCbndjZe7r/ASeZN5","previousCounter":0,"rootKey":"EeenNcIJjfH6LRq8qcEMoU2F/qJfKirUDg44yQk/mB0="},"indexInfo":{"baseKey":"Bfga7BCSf0XZFzUaQauJjwoxqZvKYZB0l1jMUAhEGfBy","baseKeyType":2,"closed":-1,"used":1738933332610,"created":1738933332610,"remoteIdentityKey":"BTjDzkVaH86UuGT1cc7RUAn8mPHigvrVZOQeLF8MjkBV"},"_chains":{"BSKaOanD4RFUz5oUI0NoZb4VISEZCbndjZe7r/ASeZN5":{"chainKey":{"counter":1,"key":"y4ugBefk+dZxq3ygzeVkGYZaP74NPvpOovrnwLmh77g="},"chainType":2,"messageKeys":{"0":"o4czGvT+AEWnLnZ4gWNFVIQfUtchOvshcRM56n4JL3w="}},"BXe3rvmQFhKNwKFmKzdBUerZwhCbrbDLSyxDvBbp5lBy":{"chainKey":{"counter":0,"key":"DxPvsobmO5FAF9khvWIKV8suhWymDvXy4c+pNGrNPnw="},"chainType":1,"messageKeys":{}}}}},"version":"v1"}