{"_sessions":{"BT8Mp3gAQouiIfsqQ/600bQtLHUDDMAXck62LAfwk7YN":{"registrationId":1559588504,"currentRatchet":{"ephemeralKeyPair":{"pubKey":"Bc3ImzwmEgZ5vwsKiBkiqwQACzi/T6+5W3c//EnUOt9r","privKey":"QBhV61+aWktIO1wFHsUmpnrAi9TrxTz4eb4JmAAl42A="},"lastRemoteEphemeralKey":"BbRzgx2hgVGIkSdDuNN1eqZ8SutK9mtOcNEk5oT3d306","previousCounter":0,"rootKey":"9YMVtCJR/xdkjZv7NAipA5h2rUHOT8M3Fr7gMZhUkxk="},"indexInfo":{"baseKey":"BT8Mp3gAQouiIfsqQ/600bQtLHUDDMAXck62LAfwk7YN","baseKeyType":1,"closed":-1,"used":1738579422614,"created":1738579422614,"remoteIdentityKey":"BcyYCrd3u16zjCBBb+x+1RyRLDpntQvnuPbtAPISIQsT"},"_chains":{"Bc3ImzwmEgZ5vwsKiBkiqwQACzi/T6+5W3c//EnUOt9r":{"chainKey":{"counter":0,"key":"fVQ+CyzALv0vTqzSUNBXAgMtQ5tWugAfcvpnFC/zy5U="},"chainType":1,"messageKeys":{}}},"pendingPreKey":{"signedKeyId":15,"baseKey":"BT8Mp3gAQouiIfsqQ/600bQtLHUDDMAXck62LAfwk7YN","preKeyId":12825341}}},"version":"v1"}