{"_sessions":{"BQkrC63tJoxlIo1eu2EIz6ztylR4WVJGWh0S+pesqNg7":{"registrationId":1189374426,"currentRatchet":{"ephemeralKeyPair":{"pubKey":"BYd5bR2GZdZ3KU6M/ODnHHQwCUQqVrvToS0InfEhHns5","privKey":"6Oy6n0I1nMorEM/doeAwFUn8cH02Lb+zMG+CXW1ZTWg="},"lastRemoteEphemeralKey":"BW/NJ77L27yYeIWFprtqcXF/MXavVWCc+wl6irHdZwhf","previousCounter":0,"rootKey":"o2UE++DtIDfs1O1/D+GmJMblXFwwtP1trgVAmhhKUn4="},"indexInfo":{"baseKey":"BQkrC63tJoxlIo1eu2EIz6ztylR4WVJGWh0S+pesqNg7","baseKeyType":2,"closed":-1,"used":1738933134878,"created":1738933134878,"remoteIdentityKey":"BQ0Int6vh03CLRaeqJT10C2DqU3z8BnVe21KbLTIvPM2"},"_chains":{"BW/NJ77L27yYeIWFprtqcXF/MXavVWCc+wl6irHdZwhf":{"chainKey":{"counter":0,"key":"Vb+6zNixWP9WBcST6y0EpiWg91oeqaXcsqG2+5HI02M="},"chainType":2,"messageKeys":{}},"BYd5bR2GZdZ3KU6M/ODnHHQwCUQqVrvToS0InfEhHns5":{"chainKey":{"counter":-1,"key":"s1sp9bMk16MjfeTLxu0/3vpa2SZPPQWMU9omJGk8nJA="},"chainType":1,"messageKeys":{}}}}},"version":"v1"}