{"_sessions":{"BWbaM7mofiPvCdfbtyxv6CNXNxqGEYPxBH1ux8uM6QVB":{"registrationId":662840903,"currentRatchet":{"ephemeralKeyPair":{"pubKey":"BTSt0rYPDVmffMe3jypxa7DMtE3cCkJaRek34sed5FIS","privKey":"iHN4cEfEbiOfdqQHG6ZRSGY9J/zEdgMUUblJnItufUo="},"lastRemoteEphemeralKey":"BXqDlTkQpyvUCbwN/mUZg739OX8AVGa72xB12x2udqJX","previousCounter":0,"rootKey":"pxhI5oi6NPrcGXYKpKciYAemFrpB770bWXOr/9JsEE0="},"indexInfo":{"baseKey":"BWbaM7mofiPvCdfbtyxv6CNXNxqGEYPxBH1ux8uM6QVB","baseKeyType":1,"closed":-1,"used":1738579422685,"created":1738579422685,"remoteIdentityKey":"BZJ0bNOmjTqJzq2awzMekhQdpv8U0MseZ94mJKTlKJpq"},"_chains":{"BTSt0rYPDVmffMe3jypxa7DMtE3cCkJaRek34sed5FIS":{"chainKey":{"counter":0,"key":"a7ePy2uup6iw2nKPGzzC8Ger5JBKbSvHS5YeQPViSJ8="},"chainType":1,"messageKeys":{}}},"pendingPreKey":{"signedKeyId":7,"baseKey":"BWbaM7mofiPvCdfbtyxv6CNXNxqGEYPxBH1ux8uM6QVB","preKeyId":15706831}}},"version":"v1"}