{"_sessions":{"BYnuZb3fQt2rRx8a25fKMRhPmOEJtdDR3OBkZNFwmv1o":{"registrationId":934967747,"currentRatchet":{"ephemeralKeyPair":{"pubKey":"BdqStjGMXLeweYM1BCpdgeaE6YPHB6t6iFHoLXd2CNIi","privKey":"mOBM2/hChm2nxbR4jHm6Shy/OdULc+Q5+P0wR8kLZVk="},"lastRemoteEphemeralKey":"BT1hS7rgeJY+m/ty0qmqRY2B4mZhL8jhofzfw+1Oe+tg","previousCounter":0,"rootKey":"HTMWnEmVR97MhTDHIT0XjJv5gMBvIODBtqA2dnHpyps="},"indexInfo":{"baseKey":"BYnuZb3fQt2rRx8a25fKMRhPmOEJtdDR3OBkZNFwmv1o","baseKeyType":1,"closed":-1,"used":1738934368051,"created":1738934368051,"remoteIdentityKey":"BeLLRtzTnxmD9Zq6conxiVAkI61ASDDbLv46ceAWUQFm"},"_chains":{"BdqStjGMXLeweYM1BCpdgeaE6YPHB6t6iFHoLXd2CNIi":{"chainKey":{"counter":0,"key":"jdZVGKK6ilKxJFfKm0ZCkmhWSNF7J1kizVihPOX86EE="},"chainType":1,"messageKeys":{}}},"pendingPreKey":{"signedKeyId":18,"baseKey":"BYnuZb3fQt2rRx8a25fKMRhPmOEJtdDR3OBkZNFwmv1o"}}},"version":"v1"}