{"_sessions":{"Bf2nqNfdzIGJD5hYLeUrFXkED39VpvQWOq8wGUYq84BK":{"registrationId":2131840400,"currentRatchet":{"ephemeralKeyPair":{"pubKey":"BQDoQNbaMOKnWkM7XFmLTvdKXj2VZ4dKW5BO9lrCiJg2","privKey":"qMr0DixY5yNgHCuhnTtT7cJHxF9QqF8VWQ5D25a4lnU="},"lastRemoteEphemeralKey":"BW0JcD6exi2269LZ40QU5TZiSL8vUOmqBQ2zDG70hud8","previousCounter":0,"rootKey":"x25GkYDlQ37izqGC7yJWs3OtKMvzrzvIQqKF3qTiWK0="},"indexInfo":{"baseKey":"Bf2nqNfdzIGJD5hYLeUrFXkED39VpvQWOq8wGUYq84BK","baseKeyType":1,"closed":-1,"used":1738934368230,"created":1738934368230,"remoteIdentityKey":"BchQF7XHYiMRBusomZjyxXwZDRLGe1DgKHPBPa7DboAv"},"_chains":{"BQDoQNbaMOKnWkM7XFmLTvdKXj2VZ4dKW5BO9lrCiJg2":{"chainKey":{"counter":0,"key":"qMRs+zpoZP1XZsqUW8C9+SmxWWBiAITyUAfA/OGgU8g="},"chainType":1,"messageKeys":{}}},"pendingPreKey":{"signedKeyId":3,"baseKey":"Bf2nqNfdzIGJD5hYLeUrFXkED39VpvQWOq8wGUYq84BK","preKeyId":14658523}}},"version":"v1"}