{"_sessions":{"Bdh/xkEsE+NZIdhxV8Jy6YVHHpcAC1MRDT9dZXZexiA6":{"registrationId":84,"currentRatchet":{"ephemeralKeyPair":{"pubKey":"Bahgddie71Dk1wJ0NhTvbHVKcIwPSkv7pLwbzN3kiixy","privKey":"AGn5kgjn+q8ZulpoYVWTNEwpB/j4PPdWaIvBkaanRVg="},"lastRemoteEphemeralKey":"BeA/NbQE+CYiPLP+EJeSM6urYVGYM3aW7sCgF5tBQHQ0","previousCounter":0,"rootKey":"qffhwbCHPoUZ1Yqw6XjwWFZKY6R68p1dKK4YznRWqj4="},"indexInfo":{"baseKey":"Bdh/xkEsE+NZIdhxV8Jy6YVHHpcAC1MRDT9dZXZexiA6","baseKeyType":1,"closed":-1,"used":1738934367945,"created":1738934367945,"remoteIdentityKey":"BYqIXcH93EYCEW5gfjsDcuE0QclatEecMjwYCUyxtkYZ"},"_chains":{"Bahgddie71Dk1wJ0NhTvbHVKcIwPSkv7pLwbzN3kiixy":{"chainKey":{"counter":0,"key":"vKtr9zqJ9bqYFQ6HPOSN7qMA3pzavs9U00Xt2t6Mwko="},"chainType":1,"messageKeys":{}}},"pendingPreKey":{"signedKeyId":1,"baseKey":"Bdh/xkEsE+NZIdhxV8Jy6YVHHpcAC1MRDT9dZXZexiA6"}}},"version":"v1"}