{"_sessions":{"BePON+vCSuVuEevG6NxPbRSDinkrgyicrh4vTZ1624w5":{"registrationId":1647440313,"currentRatchet":{"ephemeralKeyPair":{"pubKey":"BUB89iL+rwtWx89OTWZmKfWMI5XrK5CyDYEL5E7IfDdl","privKey":"MJXLt/ZmvYHLcaobK9NxJ8xwTI2EyAezJb9eRiWIVVc="},"lastRemoteEphemeralKey":"BUA5BILqkyh+1145E/kXICAM9PKrTqeB4zunO1QUlLQj","previousCounter":0,"rootKey":"x/iw+NdsjMo+qwIX3yeIP7VQ4N0mBfbGlF/APqocOVw="},"indexInfo":{"baseKey":"BePON+vCSuVuEevG6NxPbRSDinkrgyicrh4vTZ1624w5","baseKeyType":2,"closed":-1,"used":1739039061206,"created":1738948766740,"remoteIdentityKey":"BSeg1ha9DrvS15RpKoNMTB5ZMqZokFCTPfQr+hcyKghw"},"_chains":{"BYOnXRjpSbsO6pTSwOLlk2HYeSsIxD74ffBDwLIf+k0Q":{"chainKey":{"counter":1},"chainType":2,"messageKeys":{}},"BUA5BILqkyh+1145E/kXICAM9PKrTqeB4zunO1QUlLQj":{"chainKey":{"counter":1,"key":"Uef/qadrxkUb63npb04u07rmfc1ihYDFjYf+Z5A5zCs="},"chainType":2,"messageKeys":{}},"BUB89iL+rwtWx89OTWZmKfWMI5XrK5CyDYEL5E7IfDdl":{"chainKey":{"counter":-1,"key":"QP3RC4TQZXBc/vracHnU+aWgApo68Tn3EX4XNlkNjr4="},"chainType":1,"messageKeys":{}}}}},"version":"v1"}