{"_sessions":{"BcClxVNAQ/DMFbo6RzOrEgauaxgAGcHVVwU0LrnWnclT":{"registrationId":204,"currentRatchet":{"ephemeralKeyPair":{"pubKey":"BTUy/rbQEmVzwvcQwv/TdNUOlCyzGojbScLxxpY5+OZl","privKey":"kHGDLZpXcQFzwgP14Uu/3NpmvvCiQtzo0ez4bM4H9kA="},"lastRemoteEphemeralKey":"BVLxwQNHGCQmUUsm/G2NiXUaNLc29mXEsznKJvl9kj8F","previousCounter":0,"rootKey":"LElsZ5fGlz7cDf8B+CHGe/+zQ+fM+EeA0Z7hafUkiqw="},"indexInfo":{"baseKey":"BcClxVNAQ/DMFbo6RzOrEgauaxgAGcHVVwU0LrnWnclT","baseKeyType":1,"closed":-1,"used":1738934368011,"created":1738934368011,"remoteIdentityKey":"BYB8yu7Xbw6p61Y2bWZl+YT0TC+kxs0ffz82CLA8r7ZI"},"_chains":{"BTUy/rbQEmVzwvcQwv/TdNUOlCyzGojbScLxxpY5+OZl":{"chainKey":{"counter":0,"key":"npeikXOzifctZTQGYsknqvq5ovv82Mgt8nz2pAi5AbA="},"chainType":1,"messageKeys":{}}},"pendingPreKey":{"signedKeyId":1,"baseKey":"BcClxVNAQ/DMFbo6RzOrEgauaxgAGcHVVwU0LrnWnclT"}}},"version":"v1"}