{"_sessions":{"BYquUVweRqphcFPqV4ZolG9/mdYOy2X+mC3KysXZUT4X":{"registrationId":1215654277,"currentRatchet":{"ephemeralKeyPair":{"pubKey":"BWrQqzbh5FUQYPDan0MpwB6ax4XVpQlwrA0xJMd0+rRf","privKey":"WFBnwFqHUr/uhPSvy9iowLE1IXDGxHS7wXQunjhjUG0="},"lastRemoteEphemeralKey":"BSzm3rNsbMWS5QD/mzNDp8eekStSZEvoDsva1Y7rbehm","previousCounter":0,"rootKey":"nWvx1yeEoJggqQ0DEXQ/Q8GxrQA8J3cfMYRj6dnV990="},"indexInfo":{"baseKey":"BYquUVweRqphcFPqV4ZolG9/mdYOy2X+mC3KysXZUT4X","baseKeyType":1,"closed":-1,"used":1738579422474,"created":1738579422474,"remoteIdentityKey":"BUtpg8JZYv/hzs1KwJa0zzf9JBvdJP/GZYIaKeFudEox"},"_chains":{"BWrQqzbh5FUQYPDan0MpwB6ax4XVpQlwrA0xJMd0+rRf":{"chainKey":{"counter":0,"key":"8kuJQFK+N2U1bRB/dVyMKZ63hzDLM93O0L8ioMJ89s0="},"chainType":1,"messageKeys":{}}},"pendingPreKey":{"signedKeyId":9,"baseKey":"BYquUVweRqphcFPqV4ZolG9/mdYOy2X+mC3KysXZUT4X","preKeyId":12342556}}},"version":"v1"}