{"_sessions":{"BXAqglZIYI4U8CUqgPRhBo2gzNh9tUnecEt0ezSIrBVf":{"registrationId":1927622642,"currentRatchet":{"ephemeralKeyPair":{"pubKey":"Bark8E4P8MWNMyQtcA0tCIx1Af6hcYpgidv3586Ac6Zc","privKey":"WExFRg8L1iacLHiQQvM4HoaX9C8hxCuUWvFJUaL3oG4="},"lastRemoteEphemeralKey":"BbYknUfb9ZLnM1Ue0fdw0Ij8w2g0CxqvCk0lSc1Cf9Uq","previousCounter":0,"rootKey":"6ZIE3WINZxeODudFSyWw7A+a9zAIpTMzOB5NRQTzle0="},"indexInfo":{"baseKey":"BXAqglZIYI4U8CUqgPRhBo2gzNh9tUnecEt0ezSIrBVf","baseKeyType":1,"closed":-1,"used":1738934368178,"created":1738934368178,"remoteIdentityKey":"BQ9QuimR7p1ZCqLbrjVQ4CMAjFJ+wr06fKQPQ6Q8lYkX"},"_chains":{"Bark8E4P8MWNMyQtcA0tCIx1Af6hcYpgidv3586Ac6Zc":{"chainKey":{"counter":0,"key":"pIK0PX1YcTcKXRVnC0q6uQPbds7+htVGxUMU1TBmclw="},"chainType":1,"messageKeys":{}}},"pendingPreKey":{"signedKeyId":2,"baseKey":"BXAqglZIYI4U8CUqgPRhBo2gzNh9tUnecEt0ezSIrBVf"}}},"version":"v1"}