{"_sessions":{"BbzScPXxX68BxnqZxlJaNxksFg8C+kMXBZVXEROCotE3":{"registrationId":1646182441,"currentRatchet":{"ephemeralKeyPair":{"pubKey":"BXDe63Fv6Ir37nBQyTPgC2pl1nMkNvei6aJ7m676BdIX","privKey":"QJxCSCOtAHmZNspWm5fr1v5lkVAUVzp+jFsrfqKbgX4="},"lastRemoteEphemeralKey":"BeV//Dr3Zr7KodSnyf5z4yxsZPiAcbVMGbUw8leFVGNQ","previousCounter":0,"rootKey":"CjqKNExD3SP+IFoSbhcWhD6NaMOuI9jKZyBl3L5bDxE="},"indexInfo":{"baseKey":"BbzScPXxX68BxnqZxlJaNxksFg8C+kMXBZVXEROCotE3","baseKeyType":1,"closed":-1,"used":1739016885635,"created":1738476443748,"remoteIdentityKey":"BcQZ2wbEaAFrcJaTetN0+ndiCAVS6xMbR3STZCG9K3YY"},"_chains":{"BeV//Dr3Zr7KodSnyf5z4yxsZPiAcbVMGbUw8leFVGNQ":{"chainKey":{"counter":2,"key":"lXqYfaoSb2i1HtLZgIAcqUdOzKburtu98PjQ9Vcw3Zw="},"chainType":2,"messageKeys":{}},"BXDe63Fv6Ir37nBQyTPgC2pl1nMkNvei6aJ7m676BdIX":{"chainKey":{"counter":-1,"key":"RLZqlKmkN2QVPlDjRr0DFYlUjj9OLYJrEKUrHSGCEn8="},"chainType":1,"messageKeys":{}}}}},"version":"v1"}