{"_sessions":{"BXu4pg7CxZ3L+1LSw1+89QT5j2Ip4ZDGTcWn6wkv+QNO":{"registrationId":1965517692,"currentRatchet":{"ephemeralKeyPair":{"pubKey":"BcZveBDwq7yyMpCFdhApvPiTXDn6B1Sjo6M5rcPYowpC","privKey":"uMGDPcupvBa9ldq2Y99KSpgKb8zLXwQWp/8oTo1UYH8="},"lastRemoteEphemeralKey":"BVPdbInX2V9Tq3UDBCtkvd4Y14/sPPWciFjy8xVMLo0U","previousCounter":0,"rootKey":"/zIefcFCC6aztVaFfvtRvs3tdhhsx9ASHWRuT50DuQs="},"indexInfo":{"baseKey":"BXu4pg7CxZ3L+1LSw1+89QT5j2Ip4ZDGTcWn6wkv+QNO","baseKeyType":1,"closed":-1,"used":1738579422552,"created":1738579422552,"remoteIdentityKey":"BUfc55ekZdjIY3DvodNw9gPZV3D/0vaXdQ2+qhzPl5IZ"},"_chains":{"BcZveBDwq7yyMpCFdhApvPiTXDn6B1Sjo6M5rcPYowpC":{"chainKey":{"counter":0,"key":"l1rUSdDRkhS0h8iI6irAdQVgs2astQzF91Zgy7Byt5k="},"chainType":1,"messageKeys":{}}},"pendingPreKey":{"signedKeyId":39,"baseKey":"BXu4pg7CxZ3L+1LSw1+89QT5j2Ip4ZDGTcWn6wkv+QNO","preKeyId":12475922}}},"version":"v1"}