{"_sessions":{"BRmdX1xAT4adabBmxlE1KXqoB4Oz3ozYHyszi3/+tjI9":{"registrationId":19800101,"currentRatchet":{"ephemeralKeyPair":{"pubKey":"BSH1bIsm55bAv6prU0Sz1TasLHa/CwzpQcMOhK+lRWVh","privKey":"cFCLg920beRTA8KwevbwBif4RYtSMGOa+9K7oyg/K1A="},"lastRemoteEphemeralKey":"BfySxdx2SJfYUhytQL5Ee3oOT69sX3Zeo+gUJ324Yc8V","previousCounter":0,"rootKey":"cVX8utSNR1Lxk4VJALo4xHnQg0ulMggt+JJsG3VQReQ="},"indexInfo":{"baseKey":"BRmdX1xAT4adabBmxlE1KXqoB4Oz3ozYHyszi3/+tjI9","baseKeyType":2,"closed":-1,"used":1738476316230,"created":1738476316230,"remoteIdentityKey":"BeRk+DK5XopCVltok/bkQOHlI/EL6r46d573ciQeRBcC"},"_chains":{"BfySxdx2SJfYUhytQL5Ee3oOT69sX3Zeo+gUJ324Yc8V":{"chainKey":{"counter":6,"key":"gNGFge4IGGMai1DY8BglHppicqpma6VX7zRyZ2OIte0="},"chainType":2,"messageKeys":{}},"BSH1bIsm55bAv6prU0Sz1TasLHa/CwzpQcMOhK+lRWVh":{"chainKey":{"counter":-1,"key":"cZ/lwTOnVSYzkMLc9Wj0fit7KJ91DuOoKGa6br1o2io="},"chainType":1,"messageKeys":{}}}}},"version":"v1"}