{"_sessions":{"BTjr4s+rJIkQp1B8GuSur1nOdWrJvZWrkLxyZ6zZWHs6":{"registrationId":1655084608,"currentRatchet":{"ephemeralKeyPair":{"pubKey":"BWyUZEOwyoIpXxROrZrmRWpFPs02YjsimG3OY3gAxYA9","privKey":"wMT7QWdliHue0QXBPlzOO5thdMoyCzsRndRKQiWYTm0="},"lastRemoteEphemeralKey":"Bf6tc9Ogu/V1nA4n8odGRoBQWMXjc3X1ZBuUfUonJPw4","previousCounter":0,"rootKey":"dEgKqf2yVAGK8J0EDbKzacmwkobl4LUE9Ac4hnAfTJ0="},"indexInfo":{"baseKey":"BTjr4s+rJIkQp1B8GuSur1nOdWrJvZWrkLxyZ6zZWHs6","baseKeyType":1,"closed":-1,"used":1738579422506,"created":1738579422506,"remoteIdentityKey":"BdribMHKvWTokXGbLA0MMdxL3+O2PKnNrLY6DRSasQs0"},"_chains":{"BWyUZEOwyoIpXxROrZrmRWpFPs02YjsimG3OY3gAxYA9":{"chainKey":{"counter":0,"key":"qxK+l+9um6IQstWd4TGHBNm11O1lnnMacK28jq4JnF4="},"chainType":1,"messageKeys":{}}},"pendingPreKey":{"signedKeyId":6,"baseKey":"BTjr4s+rJIkQp1B8GuSur1nOdWrJvZWrkLxyZ6zZWHs6","preKeyId":15311425}}},"version":"v1"}