{"_sessions":{"BbLqY4Ul1PTrVERqkFQn7bhy1sV6myeimjZ4prPt0qAZ":{"registrationId":401244159,"currentRatchet":{"ephemeralKeyPair":{"pubKey":"BcZ/P7eg7o/coLvC66TvG+LiWNPRX0IwNOV1ePJzyY4j","privKey":"IIMZYtT6EJ4f8jfcVsr6fKZCpLohTAoeh56Oqy1EDHI="},"lastRemoteEphemeralKey":"BUr3idxdaIjsunl/EtOUg7kj6VT6yQAWlEM3dfG7blQG","previousCounter":0,"rootKey":"sTtIncaEL3WJOSiMzk2oWgpuEj/ez4gUCyr4wDLmgVU="},"indexInfo":{"baseKey":"BbLqY4Ul1PTrVERqkFQn7bhy1sV6myeimjZ4prPt0qAZ","baseKeyType":1,"closed":-1,"used":1738934368240,"created":1738934368240,"remoteIdentityKey":"BS8JB04bLTrY178K23o8LOCdyAzdQqtlPsB0ITaGKAlr"},"_chains":{"BcZ/P7eg7o/coLvC66TvG+LiWNPRX0IwNOV1ePJzyY4j":{"chainKey":{"counter":0,"key":"W6wP8p0EVtyJ4NBNitXvDaLQr9k8ZJ5dQuaSuw+nWnw="},"chainType":1,"messageKeys":{}}},"pendingPreKey":{"signedKeyId":3,"baseKey":"BbLqY4Ul1PTrVERqkFQn7bhy1sV6myeimjZ4prPt0qAZ","preKeyId":1577290}}},"version":"v1"}