{"_sessions":{"BZFDYI/8KqAZAtXbESRhKYvQdEwzu8fRG54lTAkgxRJd":{"registrationId":197,"currentRatchet":{"ephemeralKeyPair":{"pubKey":"BZZveMBsIV7PZsFYplA1njHcbNoculoI8n3bbXUsUyxE","privKey":"KNQzzpO51A4RLXig5zLneFExVmcHD2B0qNxuziJ02GI="},"lastRemoteEphemeralKey":"BVC0UGIWrMGsOtv/nXlmVLz6NbcoWKgLgxODjSBcL38/","previousCounter":0,"rootKey":"BMbYtbPC1pngAjc6tLjmBsaox+rRvwQp2CooOHyleTs="},"indexInfo":{"baseKey":"BZFDYI/8KqAZAtXbESRhKYvQdEwzu8fRG54lTAkgxRJd","baseKeyType":1,"closed":-1,"used":1738934368043,"created":1738934368043,"remoteIdentityKey":"BSzDpX+mrxHcUsasS6hXn2URybkVM5Tkm9ugzaV6A1Ql"},"_chains":{"BZZveMBsIV7PZsFYplA1njHcbNoculoI8n3bbXUsUyxE":{"chainKey":{"counter":0,"key":"G1F0s2s1DayhJMnr0K3/TbVTQx/Gzx4rpp+ATsS/S+4="},"chainType":1,"messageKeys":{}}},"pendingPreKey":{"signedKeyId":1,"baseKey":"BZFDYI/8KqAZAtXbESRhKYvQdEwzu8fRG54lTAkgxRJd"}}},"version":"v1"}