{"_sessions":{"BTFM0+qUsO/dV/8FDl0Gb4Mop5QtxL7B3qAoJ/wqY7sX":{"registrationId":8706,"currentRatchet":{"ephemeralKeyPair":{"pubKey":"Bf4ZQiiPODtNifMP77bMRG62lzV4RfzOyZjux1HA5gZa","privKey":"mPrwd9DCCweaROoODrrSmt2lRvwjv9fmnC4bRKEcJEA="},"lastRemoteEphemeralKey":"BdHISPqBuPV/HVQOvF7gfjfwfAewdjMV9JVMozSO1UEv","previousCounter":0,"rootKey":"R+3LadZGZiUzOOQNNI9gaoUTHSOfFySRwZWfhwvDZK0="},"indexInfo":{"baseKey":"BTFM0+qUsO/dV/8FDl0Gb4Mop5QtxL7B3qAoJ/wqY7sX","baseKeyType":1,"closed":-1,"used":1738934368002,"created":1738934368002,"remoteIdentityKey":"BUzxvGjX4G3dLpLuGdvZ8jZvNSaQhSD//hHEkO0M598c"},"_chains":{"Bf4ZQiiPODtNifMP77bMRG62lzV4RfzOyZjux1HA5gZa":{"chainKey":{"counter":0,"key":"Zy5e+Rw6gXxP8xZAC8gU/k+BRZ3AQWH/GHyXcOF9qoA="},"chainType":1,"messageKeys":{}}},"pendingPreKey":{"signedKeyId":1,"baseKey":"BTFM0+qUsO/dV/8FDl0Gb4Mop5QtxL7B3qAoJ/wqY7sX","preKeyId":940}}},"version":"v1"}