{"_sessions":{"BQpCQ+W1kAOYCZVuPdWzjWDwY3wM7fp+plRyGiI86nJ5":{"registrationId":374412493,"currentRatchet":{"ephemeralKeyPair":{"pubKey":"BeDM8tP6ODrEUgP0OnRNMkAuEDctQkOAUVdSPxJR7PUD","privKey":"eFQQn/xAMhjTdH3ZqfbMWBulrQ80SHHZOjqv1A95kEY="},"lastRemoteEphemeralKey":"BZ2EyFQKMvxxqRbrk+L/mI6mcnykZpcF5FNZZktwUX9L","previousCounter":0,"rootKey":"HEnBds5HFqOkwxQVORze4ACJG15+aJhAD6atFrUuCAo="},"indexInfo":{"baseKey":"BQpCQ+W1kAOYCZVuPdWzjWDwY3wM7fp+plRyGiI86nJ5","baseKeyType":1,"closed":-1,"used":1738579422579,"created":1738579422579,"remoteIdentityKey":"BbjofiXya47/l+IPJrLAe6qKLTeT4VasENdPG79rzF06"},"_chains":{"BeDM8tP6ODrEUgP0OnRNMkAuEDctQkOAUVdSPxJR7PUD":{"chainKey":{"counter":0,"key":"KfK6lFmtoYG+0I6KlQZiRLnuPKZnBtCtxZT4SlzvYA0="},"chainType":1,"messageKeys":{}}},"pendingPreKey":{"signedKeyId":42,"baseKey":"BQpCQ+W1kAOYCZVuPdWzjWDwY3wM7fp+plRyGiI86nJ5","preKeyId":13120007}}},"version":"v1"}