{
  "users": {
    "6283164558015@s.whatsapp.net": {
      "lastChat": 1738447787953,
      "premium": true,
      "VIP": true,
      "banned": false,
      "afk": false,
      "afkTime": -1,
      "afkReason": "",
      "name": "Y"
    },
    "6283818744065@s.whatsapp.net": {
      "lastChat": 1738447943449,
      "premium": true,
      "VIP": true,
      "name": "orp",
      "banned": false,
      "afk": false,
      "afkTime": -1,
      "afkReason": "",
      "pc": 1738933300572
    },
    "6283822306695@s.whatsapp.net": {
      "lastChat": 1738448730307,
      "premium": false,
      "VIP": false,
      "name": "CHESTER SEVENTYONE",
      "banned": false,
      "afk": false,
      "afkTime": -1,
      "afkReason": ""
    },
    "6283105001340@s.whatsapp.net": {
      "lastChat": 1738476516062,
      "premium": false,
      "VIP": false,
      "name": "🍁",
      "banned": false,
      "afk": false,
      "afkTime": -1,
      "afkReason": ""
    },
    "62895613293360@s.whatsapp.net": {
      "lastChat": 1738501637448,
      "premium": true,
      "VIP": true,
      "name": "Yogi",
      "banned": false,
      "afk": false,
      "afkTime": -1,
      "afkReason": "",
      "pc": 1738503135364
    },
    "6288213477831@s.whatsapp.net": {
      "lastChat": 1738933317610,
      "premium": false,
      "VIP": false,
      "name": "BOT TOPUP BAYYPEDIA",
      "banned": false,
      "afk": false,
      "afkTime": -1,
      "afkReason": ""
    },
    "": {
      "lastChat": 1738933339491,
      "premium": false,
      "VIP": false,
      "name": "",
      "banned": false,
      "afk": false,
      "afkTime": -1,
      "afkReason": ""
    },
    "6287792844953@s.whatsapp.net": {
      "lastChat": 1738933511805,
      "premium": false,
      "VIP": false,
      "name": "Bayypedia",
      "banned": false,
      "afk": false,
      "afkTime": -1,
      "afkReason": "",
      "pc": 1738933512720
    },
    "6282112508359@s.whatsapp.net": {
      "lastChat": 1738934065761,
      "premium": false,
      "VIP": false,
      "name": "Bayypedia",
      "banned": false,
      "afk": false,
      "afkTime": -1,
      "afkReason": ""
    },
    "6285722632523@s.whatsapp.net": {
      "lastChat": 1738934081659,
      "premium": false,
      "VIP": false,
      "name": "바유 아모레",
      "banned": false,
      "afk": false,
      "afkTime": -1,
      "afkReason": ""
    },
    "6283119641340@s.whatsapp.net": {
      "lastChat": 1738944834291,
      "premium": false,
      "VIP": false,
      "name": "pènjol.",
      "banned": false,
      "afk": false,
      "afkTime": -1,
      "afkReason": ""
    },
    "6283849979716@s.whatsapp.net": {
      "lastChat": 1738948768968,
      "premium": false,
      "VIP": false,
      "name": "blepblep",
      "banned": false,
      "afk": false,
      "afkTime": -1,
      "afkReason": ""
    }
  },
  "groups": {
    "undefined": {
      "mute": false,
      "lastChat": 1738448499769,
      "welcome": true,
      "leave": true
    },
    "120363377496288785@g.us": {
      "lastChat": 1738448429118,
      "mute": false,
      "welcome": true,
      "leave": true
    }
  },
  "settings": {
    "autoread": false
  }
}